date,tag,downloads
2026-05-12,v0.4.14,0
2026-05-12,v0.4.13,0
2026-05-12,v0.4.12,0
2026-05-12,v0.4.11,0
2026-05-12,v0.4.10,0
2026-05-12,v0.4.9,0
2026-05-12,v0.4.8,0
2026-05-12,v0.4.7,0
2026-05-12,v0.4.6,0
2026-05-12,v0.4.5,0
2026-05-12,v0.4.4,0
2026-05-12,v0.4.3,1
2026-05-12,v0.4.2,0
2026-05-12,v0.4.1,0
2026-05-12,v0.4.0,0
2026-05-12,v0.3.5,0
2026-05-12,v0.3.4,0
2026-05-12,v0.3.3,0
2026-05-12,v0.3.2,0
2026-05-12,v0.3.1,0
2026-05-12,v0.3.0,0
2026-05-12,v0.2.5,0
2026-05-12,v0.2.3,2
2026-05-12,v0.2.1,0
2026-05-12,v0.2.0,0
2026-05-13,v0.5.0,0
2026-05-13,v0.4.16,0
2026-05-13,v0.4.15,0
2026-05-13,v0.4.14,2
2026-05-13,v0.4.13,0
2026-05-13,v0.4.12,0
2026-05-13,v0.4.11,0
2026-05-13,v0.4.10,0
2026-05-13,v0.4.9,0
2026-05-13,v0.4.8,0
2026-05-13,v0.4.7,0
2026-05-13,v0.4.6,0
2026-05-13,v0.4.5,0
2026-05-13,v0.4.4,0
2026-05-13,v0.4.3,1
2026-05-13,v0.4.2,0
2026-05-13,v0.4.1,0
2026-05-13,v0.4.0,0
2026-05-13,v0.3.5,0
2026-05-13,v0.3.4,0
2026-05-13,v0.3.3,0
2026-05-13,v0.3.2,0
2026-05-13,v0.3.1,0
2026-05-13,v0.3.0,0
2026-05-13,v0.2.5,0
2026-05-13,v0.2.3,2
2026-05-13,v0.2.1,0
2026-05-13,v0.2.0,0
2026-05-14,v0.5.1,0
2026-05-14,v0.5.0,0
2026-05-14,v0.4.16,0
2026-05-14,v0.4.15,0
2026-05-14,v0.4.14,2
2026-05-14,v0.4.13,0
2026-05-14,v0.4.12,0
2026-05-14,v0.4.11,0
2026-05-14,v0.4.10,0
2026-05-14,v0.4.9,0
2026-05-14,v0.4.8,0
2026-05-14,v0.4.7,0
2026-05-14,v0.4.6,0
2026-05-14,v0.4.5,0
2026-05-14,v0.4.4,0
2026-05-14,v0.4.3,1
2026-05-14,v0.4.2,0
2026-05-14,v0.4.1,0
2026-05-14,v0.4.0,0
2026-05-14,v0.3.5,0
2026-05-14,v0.3.4,0
2026-05-14,v0.3.3,0
2026-05-14,v0.3.2,0
2026-05-14,v0.3.1,0
2026-05-14,v0.3.0,0
2026-05-14,v0.2.5,0
2026-05-14,v0.2.3,2
2026-05-14,v0.2.1,0
2026-05-14,v0.2.0,0
2026-05-15,v0.5.1,0
2026-05-15,v0.5.0,0
2026-05-15,v0.4.16,0
2026-05-15,v0.4.15,0
2026-05-15,v0.4.14,2
2026-05-15,v0.4.13,0
2026-05-15,v0.4.12,0
2026-05-15,v0.4.11,0
2026-05-15,v0.4.10,0
2026-05-15,v0.4.9,0
2026-05-15,v0.4.8,0
2026-05-15,v0.4.7,0
2026-05-15,v0.4.6,0
2026-05-15,v0.4.5,0
2026-05-15,v0.4.4,0
2026-05-15,v0.4.3,1
2026-05-15,v0.4.2,0
2026-05-15,v0.4.1,0
2026-05-15,v0.4.0,0
2026-05-15,v0.3.5,0
2026-05-15,v0.3.4,0
2026-05-15,v0.3.3,0
2026-05-15,v0.3.2,0
2026-05-15,v0.3.1,0
2026-05-15,v0.3.0,0
2026-05-15,v0.2.5,0
2026-05-15,v0.2.3,2
2026-05-15,v0.2.1,0
2026-05-15,v0.2.0,0
2026-05-16,v0.5.1,0
2026-05-16,v0.5.0,0
2026-05-16,v0.4.16,0
2026-05-16,v0.4.15,0
2026-05-16,v0.4.14,2
2026-05-16,v0.4.13,0
2026-05-16,v0.4.12,0
2026-05-16,v0.4.11,0
2026-05-16,v0.4.10,0
2026-05-16,v0.4.9,0
2026-05-16,v0.4.8,0
2026-05-16,v0.4.7,0
2026-05-16,v0.4.6,0
2026-05-16,v0.4.5,0
2026-05-16,v0.4.4,0
2026-05-16,v0.4.3,1
2026-05-16,v0.4.2,0
2026-05-16,v0.4.1,0
2026-05-16,v0.4.0,0
2026-05-16,v0.3.5,0
2026-05-16,v0.3.4,0
2026-05-16,v0.3.3,0
2026-05-16,v0.3.2,0
2026-05-16,v0.3.1,0
2026-05-16,v0.3.0,0
2026-05-16,v0.2.5,0
2026-05-16,v0.2.3,2
2026-05-16,v0.2.1,0
2026-05-16,v0.2.0,0
2026-05-17,v0.5.1,0
2026-05-17,v0.5.0,0
2026-05-17,v0.4.16,0
2026-05-17,v0.4.15,0
2026-05-17,v0.4.14,2
2026-05-17,v0.4.13,0
2026-05-17,v0.4.12,0
2026-05-17,v0.4.11,0
2026-05-17,v0.4.10,0
2026-05-17,v0.4.9,0
2026-05-17,v0.4.8,0
2026-05-17,v0.4.7,0
2026-05-17,v0.4.6,0
2026-05-17,v0.4.5,0
2026-05-17,v0.4.4,0
2026-05-17,v0.4.3,1
2026-05-17,v0.4.2,0
2026-05-17,v0.4.1,0
2026-05-17,v0.4.0,0
2026-05-17,v0.3.5,0
2026-05-17,v0.3.4,0
2026-05-17,v0.3.3,0
2026-05-17,v0.3.2,0
2026-05-17,v0.3.1,0
2026-05-17,v0.3.0,0
2026-05-17,v0.2.5,0
2026-05-17,v0.2.3,2
2026-05-17,v0.2.1,0
2026-05-17,v0.2.0,0
2026-05-18,v0.5.1,0
2026-05-18,v0.5.0,0
2026-05-18,v0.4.16,0
2026-05-18,v0.4.15,0
2026-05-18,v0.4.14,2
2026-05-18,v0.4.13,0
2026-05-18,v0.4.12,0
2026-05-18,v0.4.11,0
2026-05-18,v0.4.10,0
2026-05-18,v0.4.9,0
2026-05-18,v0.4.8,0
2026-05-18,v0.4.7,0
2026-05-18,v0.4.6,0
2026-05-18,v0.4.5,0
2026-05-18,v0.4.4,0
2026-05-18,v0.4.3,1
2026-05-18,v0.4.2,0
2026-05-18,v0.4.1,0
2026-05-18,v0.4.0,0
2026-05-18,v0.3.5,0
2026-05-18,v0.3.4,0
2026-05-18,v0.3.3,0
2026-05-18,v0.3.2,0
2026-05-18,v0.3.1,0
2026-05-18,v0.3.0,0
2026-05-18,v0.2.5,0
2026-05-18,v0.2.3,2
2026-05-18,v0.2.1,0
2026-05-18,v0.2.0,0
2026-05-19,v0.5.1,0
2026-05-19,v0.5.0,0
2026-05-19,v0.4.16,0
2026-05-19,v0.4.15,0
2026-05-19,v0.4.14,2
2026-05-19,v0.4.13,0
2026-05-19,v0.4.12,0
2026-05-19,v0.4.11,0
2026-05-19,v0.4.10,0
2026-05-19,v0.4.9,0
2026-05-19,v0.4.8,0
2026-05-19,v0.4.7,0
2026-05-19,v0.4.6,0
2026-05-19,v0.4.5,0
2026-05-19,v0.4.4,0
2026-05-19,v0.4.3,1
2026-05-19,v0.4.2,0
2026-05-19,v0.4.1,0
2026-05-19,v0.4.0,0
2026-05-19,v0.3.5,0
2026-05-19,v0.3.4,0
2026-05-19,v0.3.3,0
2026-05-19,v0.3.2,0
2026-05-19,v0.3.1,0
2026-05-19,v0.3.0,0
2026-05-19,v0.2.5,0
2026-05-19,v0.2.3,2
2026-05-19,v0.2.1,0
2026-05-19,v0.2.0,0
2026-05-20,v0.5.1,0
2026-05-20,v0.5.0,0
2026-05-20,v0.4.16,0
2026-05-20,v0.4.15,0
2026-05-20,v0.4.14,2
2026-05-20,v0.4.13,0
2026-05-20,v0.4.12,0
2026-05-20,v0.4.11,0
2026-05-20,v0.4.10,0
2026-05-20,v0.4.9,0
2026-05-20,v0.4.8,0
2026-05-20,v0.4.7,0
2026-05-20,v0.4.6,0
2026-05-20,v0.4.5,0
2026-05-20,v0.4.4,0
2026-05-20,v0.4.3,1
2026-05-20,v0.4.2,0
2026-05-20,v0.4.1,0
2026-05-20,v0.4.0,0
2026-05-20,v0.3.5,0
2026-05-20,v0.3.4,0
2026-05-20,v0.3.3,0
2026-05-20,v0.3.2,0
2026-05-20,v0.3.1,0
2026-05-20,v0.3.0,0
2026-05-20,v0.2.5,0
2026-05-20,v0.2.3,2
2026-05-20,v0.2.1,0
2026-05-20,v0.2.0,0
2026-05-21,v0.5.1,0
2026-05-21,v0.5.0,0
2026-05-21,v0.4.16,0
2026-05-21,v0.4.15,0
2026-05-21,v0.4.14,2
2026-05-21,v0.4.13,0
2026-05-21,v0.4.12,0
2026-05-21,v0.4.11,0
2026-05-21,v0.4.10,0
2026-05-21,v0.4.9,0
2026-05-21,v0.4.8,0
2026-05-21,v0.4.7,0
2026-05-21,v0.4.6,0
2026-05-21,v0.4.5,0
2026-05-21,v0.4.4,0
2026-05-21,v0.4.3,1
2026-05-21,v0.4.2,0
2026-05-21,v0.4.1,0
2026-05-21,v0.4.0,0
2026-05-21,v0.3.5,0
2026-05-21,v0.3.4,0
2026-05-21,v0.3.3,0
2026-05-21,v0.3.2,0
2026-05-21,v0.3.1,0
2026-05-21,v0.3.0,0
2026-05-21,v0.2.5,0
2026-05-21,v0.2.3,2
2026-05-21,v0.2.1,0
2026-05-21,v0.2.0,0
2026-05-22,v0.5.1,0
2026-05-22,v0.5.0,0
2026-05-22,v0.4.16,0
2026-05-22,v0.4.15,0
2026-05-22,v0.4.14,2
2026-05-22,v0.4.13,0
2026-05-22,v0.4.12,0
2026-05-22,v0.4.11,0
2026-05-22,v0.4.10,0
2026-05-22,v0.4.9,0
2026-05-22,v0.4.8,0
2026-05-22,v0.4.7,0
2026-05-22,v0.4.6,0
2026-05-22,v0.4.5,0
2026-05-22,v0.4.4,0
2026-05-22,v0.4.3,1
2026-05-22,v0.4.2,0
2026-05-22,v0.4.1,0
2026-05-22,v0.4.0,0
2026-05-22,v0.3.5,0
2026-05-22,v0.3.4,0
2026-05-22,v0.3.3,0
2026-05-22,v0.3.2,0
2026-05-22,v0.3.1,0
2026-05-22,v0.3.0,0
2026-05-22,v0.2.5,0
2026-05-22,v0.2.3,2
2026-05-22,v0.2.1,0
2026-05-22,v0.2.0,0
2026-05-23,v0.5.1,0
2026-05-23,v0.5.0,0
2026-05-23,v0.4.16,0
2026-05-23,v0.4.15,0
2026-05-23,v0.4.14,2
2026-05-23,v0.4.13,0
2026-05-23,v0.4.12,0
2026-05-23,v0.4.11,0
2026-05-23,v0.4.10,0
2026-05-23,v0.4.9,0
2026-05-23,v0.4.8,0
2026-05-23,v0.4.7,0
2026-05-23,v0.4.6,0
2026-05-23,v0.4.5,0
2026-05-23,v0.4.4,0
2026-05-23,v0.4.3,1
2026-05-23,v0.4.2,0
2026-05-23,v0.4.1,0
2026-05-23,v0.4.0,0
2026-05-23,v0.3.5,0
2026-05-23,v0.3.4,0
2026-05-23,v0.3.3,0
2026-05-23,v0.3.2,0
2026-05-23,v0.3.1,0
2026-05-23,v0.3.0,0
2026-05-23,v0.2.5,0
2026-05-23,v0.2.3,2
2026-05-23,v0.2.1,0
2026-05-23,v0.2.0,0
2026-05-24,v0.5.1,0
2026-05-24,v0.5.0,0
2026-05-24,v0.4.16,0
2026-05-24,v0.4.15,0
2026-05-24,v0.4.14,2
2026-05-24,v0.4.13,0
2026-05-24,v0.4.12,0
2026-05-24,v0.4.11,0
2026-05-24,v0.4.10,0
2026-05-24,v0.4.9,0
2026-05-24,v0.4.8,0
2026-05-24,v0.4.7,0
2026-05-24,v0.4.6,0
2026-05-24,v0.4.5,0
2026-05-24,v0.4.4,0
2026-05-24,v0.4.3,1
2026-05-24,v0.4.2,0
2026-05-24,v0.4.1,0
2026-05-24,v0.4.0,0
2026-05-24,v0.3.5,0
2026-05-24,v0.3.4,0
2026-05-24,v0.3.3,0
2026-05-24,v0.3.2,0
2026-05-24,v0.3.1,0
2026-05-24,v0.3.0,0
2026-05-24,v0.2.5,0
2026-05-24,v0.2.3,2
2026-05-24,v0.2.1,0
2026-05-24,v0.2.0,0
2026-05-25,v0.5.1,0
2026-05-25,v0.5.0,0
2026-05-25,v0.4.16,0
2026-05-25,v0.4.15,0
2026-05-25,v0.4.14,2
2026-05-25,v0.4.13,0
2026-05-25,v0.4.12,0
2026-05-25,v0.4.11,0
2026-05-25,v0.4.10,0
2026-05-25,v0.4.9,0
2026-05-25,v0.4.8,0
2026-05-25,v0.4.7,0
2026-05-25,v0.4.6,0
2026-05-25,v0.4.5,0
2026-05-25,v0.4.4,0
2026-05-25,v0.4.3,1
2026-05-25,v0.4.2,0
2026-05-25,v0.4.1,0
2026-05-25,v0.4.0,0
2026-05-25,v0.3.5,0
2026-05-25,v0.3.4,0
2026-05-25,v0.3.3,0
2026-05-25,v0.3.2,0
2026-05-25,v0.3.1,0
2026-05-25,v0.3.0,0
2026-05-25,v0.2.5,0
2026-05-25,v0.2.3,2
2026-05-25,v0.2.1,0
2026-05-25,v0.2.0,0
2026-05-26,v0.5.1,0
2026-05-26,v0.5.0,0
2026-05-26,v0.4.16,0
2026-05-26,v0.4.15,0
2026-05-26,v0.4.14,2
2026-05-26,v0.4.13,0
2026-05-26,v0.4.12,0
2026-05-26,v0.4.11,0
2026-05-26,v0.4.10,0
2026-05-26,v0.4.9,0
2026-05-26,v0.4.8,0
2026-05-26,v0.4.7,0
2026-05-26,v0.4.6,0
2026-05-26,v0.4.5,0
2026-05-26,v0.4.4,0
2026-05-26,v0.4.3,1
2026-05-26,v0.4.2,0
2026-05-26,v0.4.1,0
2026-05-26,v0.4.0,0
2026-05-26,v0.3.5,0
2026-05-26,v0.3.4,0
2026-05-26,v0.3.3,0
2026-05-26,v0.3.2,0
2026-05-26,v0.3.1,0
2026-05-26,v0.3.0,0
2026-05-26,v0.2.5,0
2026-05-26,v0.2.3,2
2026-05-26,v0.2.1,0
2026-05-26,v0.2.0,0
2026-05-27,v0.5.1,1
2026-05-27,v0.5.0,0
2026-05-27,v0.4.16,0
2026-05-27,v0.4.15,0
2026-05-27,v0.4.14,2
2026-05-27,v0.4.13,0
2026-05-27,v0.4.12,0
2026-05-27,v0.4.11,0
2026-05-27,v0.4.10,0
2026-05-27,v0.4.9,0
2026-05-27,v0.4.8,0
2026-05-27,v0.4.7,0
2026-05-27,v0.4.6,0
2026-05-27,v0.4.5,0
2026-05-27,v0.4.4,0
2026-05-27,v0.4.3,1
2026-05-27,v0.4.2,0
2026-05-27,v0.4.1,0
2026-05-27,v0.4.0,0
2026-05-27,v0.3.5,0
2026-05-27,v0.3.4,0
2026-05-27,v0.3.3,0
2026-05-27,v0.3.2,0
2026-05-27,v0.3.1,0
2026-05-27,v0.3.0,0
2026-05-27,v0.2.5,0
2026-05-27,v0.2.3,2
2026-05-27,v0.2.1,0
2026-05-27,v0.2.0,0
2026-05-28,v0.5.1,1
2026-05-28,v0.5.0,0
2026-05-28,v0.4.16,0
2026-05-28,v0.4.15,0
2026-05-28,v0.4.14,2
2026-05-28,v0.4.13,0
2026-05-28,v0.4.12,0
2026-05-28,v0.4.11,0
2026-05-28,v0.4.10,0
2026-05-28,v0.4.9,0
2026-05-28,v0.4.8,0
2026-05-28,v0.4.7,0
2026-05-28,v0.4.6,0
2026-05-28,v0.4.5,0
2026-05-28,v0.4.4,0
2026-05-28,v0.4.3,1
2026-05-28,v0.4.2,0
2026-05-28,v0.4.1,0
2026-05-28,v0.4.0,0
2026-05-28,v0.3.5,0
2026-05-28,v0.3.4,0
2026-05-28,v0.3.3,0
2026-05-28,v0.3.2,0
2026-05-28,v0.3.1,0
2026-05-28,v0.3.0,0
2026-05-28,v0.2.5,0
2026-05-28,v0.2.3,2
2026-05-28,v0.2.1,0
2026-05-28,v0.2.0,0
2026-05-29,v0.5.1,2
2026-05-29,v0.5.0,0
2026-05-29,v0.4.16,0
2026-05-29,v0.4.15,0
2026-05-29,v0.4.14,2
2026-05-29,v0.4.13,0
2026-05-29,v0.4.12,0
2026-05-29,v0.4.11,0
2026-05-29,v0.4.10,0
2026-05-29,v0.4.9,0
2026-05-29,v0.4.8,0
2026-05-29,v0.4.7,0
2026-05-29,v0.4.6,0
2026-05-29,v0.4.5,0
2026-05-29,v0.4.4,0
2026-05-29,v0.4.3,1
2026-05-29,v0.4.2,0
2026-05-29,v0.4.1,0
2026-05-29,v0.4.0,0
2026-05-29,v0.3.5,0
2026-05-29,v0.3.4,0
2026-05-29,v0.3.3,0
2026-05-29,v0.3.2,0
2026-05-29,v0.3.1,0
2026-05-29,v0.3.0,0
2026-05-29,v0.2.5,0
2026-05-29,v0.2.3,2
2026-05-29,v0.2.1,0
2026-05-29,v0.2.0,0
2026-05-30,v0.5.1,2
2026-05-30,v0.5.0,1
2026-05-30,v0.4.16,1
2026-05-30,v0.4.15,1
2026-05-30,v0.4.14,3
2026-05-30,v0.4.13,1
2026-05-30,v0.4.12,1
2026-05-30,v0.4.11,1
2026-05-30,v0.4.10,1
2026-05-30,v0.4.9,1
2026-05-30,v0.4.8,1
2026-05-30,v0.4.7,1
2026-05-30,v0.4.6,1
2026-05-30,v0.4.5,1
2026-05-30,v0.4.4,1
2026-05-30,v0.4.3,2
2026-05-30,v0.4.2,1
2026-05-30,v0.4.1,1
2026-05-30,v0.4.0,1
2026-05-30,v0.3.5,1
2026-05-30,v0.3.4,1
2026-05-30,v0.3.3,1
2026-05-30,v0.3.2,1
2026-05-30,v0.3.1,1
2026-05-30,v0.3.0,1
2026-05-30,v0.2.5,1
2026-05-30,v0.2.3,3
2026-05-30,v0.2.1,1
2026-05-30,v0.2.0,1
2026-05-31,v0.5.1,2
2026-05-31,v0.5.0,1
2026-05-31,v0.4.16,1
2026-05-31,v0.4.15,1
2026-05-31,v0.4.14,3
2026-05-31,v0.4.13,1
2026-05-31,v0.4.12,1
2026-05-31,v0.4.11,1
2026-05-31,v0.4.10,1
2026-05-31,v0.4.9,1
2026-05-31,v0.4.8,1
2026-05-31,v0.4.7,1
2026-05-31,v0.4.6,1
2026-05-31,v0.4.5,1
2026-05-31,v0.4.4,1
2026-05-31,v0.4.3,2
2026-05-31,v0.4.2,1
2026-05-31,v0.4.1,1
2026-05-31,v0.4.0,1
2026-05-31,v0.3.5,1
2026-05-31,v0.3.4,1
2026-05-31,v0.3.3,1
2026-05-31,v0.3.2,1
2026-05-31,v0.3.1,1
2026-05-31,v0.3.0,1
2026-05-31,v0.2.5,1
2026-05-31,v0.2.3,3
2026-05-31,v0.2.1,1
2026-05-31,v0.2.0,1
2026-06-01,v0.5.1,2
2026-06-01,v0.5.0,1
2026-06-01,v0.4.16,1
2026-06-01,v0.4.15,1
2026-06-01,v0.4.14,3
2026-06-01,v0.4.13,1
2026-06-01,v0.4.12,1
2026-06-01,v0.4.11,1
2026-06-01,v0.4.10,1
2026-06-01,v0.4.9,1
2026-06-01,v0.4.8,1
2026-06-01,v0.4.7,1
2026-06-01,v0.4.6,1
2026-06-01,v0.4.5,1
2026-06-01,v0.4.4,1
2026-06-01,v0.4.3,2
2026-06-01,v0.4.2,1
2026-06-01,v0.4.1,1
2026-06-01,v0.4.0,1
2026-06-01,v0.3.5,1
2026-06-01,v0.3.4,1
2026-06-01,v0.3.3,1
2026-06-01,v0.3.2,1
2026-06-01,v0.3.1,1
2026-06-01,v0.3.0,1
2026-06-01,v0.2.5,1
2026-06-01,v0.2.3,3
2026-06-01,v0.2.1,1
2026-06-01,v0.2.0,1
2026-06-02,v0.5.1,3
2026-06-02,v0.5.0,1
2026-06-02,v0.4.16,1
2026-06-02,v0.4.15,1
2026-06-02,v0.4.14,3
2026-06-02,v0.4.13,1
2026-06-02,v0.4.12,1
2026-06-02,v0.4.11,1
2026-06-02,v0.4.10,1
2026-06-02,v0.4.9,1
2026-06-02,v0.4.8,1
2026-06-02,v0.4.7,1
2026-06-02,v0.4.6,1
2026-06-02,v0.4.5,1
2026-06-02,v0.4.4,1
2026-06-02,v0.4.3,2
2026-06-02,v0.4.2,1
2026-06-02,v0.4.1,1
2026-06-02,v0.4.0,1
2026-06-02,v0.3.5,1
2026-06-02,v0.3.4,1
2026-06-02,v0.3.3,1
2026-06-02,v0.3.2,1
2026-06-02,v0.3.1,1
2026-06-02,v0.3.0,1
2026-06-02,v0.2.5,1
2026-06-02,v0.2.3,3
2026-06-02,v0.2.1,1
2026-06-02,v0.2.0,1
2026-06-03,v0.5.1,3
2026-06-03,v0.5.0,1
2026-06-03,v0.4.16,1
2026-06-03,v0.4.15,1
2026-06-03,v0.4.14,3
2026-06-03,v0.4.13,1
2026-06-03,v0.4.12,1
2026-06-03,v0.4.11,1
2026-06-03,v0.4.10,1
2026-06-03,v0.4.9,1
2026-06-03,v0.4.8,1
2026-06-03,v0.4.7,1
2026-06-03,v0.4.6,1
2026-06-03,v0.4.5,1
2026-06-03,v0.4.4,1
2026-06-03,v0.4.3,2
2026-06-03,v0.4.2,1
2026-06-03,v0.4.1,1
2026-06-03,v0.4.0,1
2026-06-03,v0.3.5,1
2026-06-03,v0.3.4,1
2026-06-03,v0.3.3,1
2026-06-03,v0.3.2,1
2026-06-03,v0.3.1,1
2026-06-03,v0.3.0,1
2026-06-03,v0.2.5,1
2026-06-03,v0.2.3,3
2026-06-03,v0.2.1,1
2026-06-03,v0.2.0,1
2026-06-04,v0.5.1,3
2026-06-04,v0.5.0,1
2026-06-04,v0.4.16,1
2026-06-04,v0.4.15,1
2026-06-04,v0.4.14,3
2026-06-04,v0.4.13,1
2026-06-04,v0.4.12,1
2026-06-04,v0.4.11,1
2026-06-04,v0.4.10,1
2026-06-04,v0.4.9,1
2026-06-04,v0.4.8,1
2026-06-04,v0.4.7,1
2026-06-04,v0.4.6,1
2026-06-04,v0.4.5,1
2026-06-04,v0.4.4,1
2026-06-04,v0.4.3,2
2026-06-04,v0.4.2,1
2026-06-04,v0.4.1,1
2026-06-04,v0.4.0,1
2026-06-04,v0.3.5,1
2026-06-04,v0.3.4,1
2026-06-04,v0.3.3,1
2026-06-04,v0.3.2,1
2026-06-04,v0.3.1,1
2026-06-04,v0.3.0,1
2026-06-04,v0.2.5,1
2026-06-04,v0.2.3,3
2026-06-04,v0.2.1,1
2026-06-04,v0.2.0,1
2026-06-05,v0.5.1,3
2026-06-05,v0.5.0,1
2026-06-05,v0.4.16,1
2026-06-05,v0.4.15,1
2026-06-05,v0.4.14,3
2026-06-05,v0.4.13,1
2026-06-05,v0.4.12,1
2026-06-05,v0.4.11,1
2026-06-05,v0.4.10,1
2026-06-05,v0.4.9,1
2026-06-05,v0.4.8,1
2026-06-05,v0.4.7,1
2026-06-05,v0.4.6,1
2026-06-05,v0.4.5,1
2026-06-05,v0.4.4,1
2026-06-05,v0.4.3,2
2026-06-05,v0.4.2,1
2026-06-05,v0.4.1,1
2026-06-05,v0.4.0,1
2026-06-05,v0.3.5,1
2026-06-05,v0.3.4,1
2026-06-05,v0.3.3,1
2026-06-05,v0.3.2,1
2026-06-05,v0.3.1,1
2026-06-05,v0.3.0,1
2026-06-05,v0.2.5,1
2026-06-05,v0.2.3,3
2026-06-05,v0.2.1,1
2026-06-05,v0.2.0,1
2026-06-06,v0.5.1,3
2026-06-06,v0.5.0,1
2026-06-06,v0.4.16,1
2026-06-06,v0.4.15,1
2026-06-06,v0.4.14,3
2026-06-06,v0.4.13,1
2026-06-06,v0.4.12,1
2026-06-06,v0.4.11,1
2026-06-06,v0.4.10,1
2026-06-06,v0.4.9,1
2026-06-06,v0.4.8,1
2026-06-06,v0.4.7,1
2026-06-06,v0.4.6,1
2026-06-06,v0.4.5,1
2026-06-06,v0.4.4,1
2026-06-06,v0.4.3,2
2026-06-06,v0.4.2,1
2026-06-06,v0.4.1,1
2026-06-06,v0.4.0,1
2026-06-06,v0.3.5,1
2026-06-06,v0.3.4,1
2026-06-06,v0.3.3,1
2026-06-06,v0.3.2,1
2026-06-06,v0.3.1,1
2026-06-06,v0.3.0,1
2026-06-06,v0.2.5,1
2026-06-06,v0.2.3,3
2026-06-06,v0.2.1,1
2026-06-06,v0.2.0,1
2026-06-07,v0.5.1,3
2026-06-07,v0.5.0,1
2026-06-07,v0.4.16,1
2026-06-07,v0.4.15,1
2026-06-07,v0.4.14,3
2026-06-07,v0.4.13,1
2026-06-07,v0.4.12,1
2026-06-07,v0.4.11,1
2026-06-07,v0.4.10,1
2026-06-07,v0.4.9,1
2026-06-07,v0.4.8,1
2026-06-07,v0.4.7,1
2026-06-07,v0.4.6,1
2026-06-07,v0.4.5,1
2026-06-07,v0.4.4,1
2026-06-07,v0.4.3,2
2026-06-07,v0.4.2,1
2026-06-07,v0.4.1,1
2026-06-07,v0.4.0,1
2026-06-07,v0.3.5,1
2026-06-07,v0.3.4,1
2026-06-07,v0.3.3,1
2026-06-07,v0.3.2,1
2026-06-07,v0.3.1,1
2026-06-07,v0.3.0,1
2026-06-07,v0.2.5,1
2026-06-07,v0.2.3,3
2026-06-07,v0.2.1,1
2026-06-07,v0.2.0,1
2026-06-08,v0.5.1,3
2026-06-08,v0.5.0,1
2026-06-08,v0.4.16,1
2026-06-08,v0.4.15,2
2026-06-08,v0.4.14,3
2026-06-08,v0.4.13,1
2026-06-08,v0.4.12,1
2026-06-08,v0.4.11,2
2026-06-08,v0.4.10,1
2026-06-08,v0.4.9,1
2026-06-08,v0.4.8,1
2026-06-08,v0.4.7,1
2026-06-08,v0.4.6,1
2026-06-08,v0.4.5,1
2026-06-08,v0.4.4,1
2026-06-08,v0.4.3,2
2026-06-08,v0.4.2,1
2026-06-08,v0.4.1,1
2026-06-08,v0.4.0,1
2026-06-08,v0.3.5,1
2026-06-08,v0.3.4,1
2026-06-08,v0.3.3,1
2026-06-08,v0.3.2,1
2026-06-08,v0.3.1,1
2026-06-08,v0.3.0,1
2026-06-08,v0.2.5,1
2026-06-08,v0.2.3,3
2026-06-08,v0.2.1,1
2026-06-08,v0.2.0,1
2026-06-09,v0.5.1,3
2026-06-09,v0.5.0,1
2026-06-09,v0.4.16,1
2026-06-09,v0.4.15,2
2026-06-09,v0.4.14,3
2026-06-09,v0.4.13,1
2026-06-09,v0.4.12,1
2026-06-09,v0.4.11,2
2026-06-09,v0.4.10,1
2026-06-09,v0.4.9,1
2026-06-09,v0.4.8,1
2026-06-09,v0.4.7,1
2026-06-09,v0.4.6,1
2026-06-09,v0.4.5,1
2026-06-09,v0.4.4,1
2026-06-09,v0.4.3,2
2026-06-09,v0.4.2,1
2026-06-09,v0.4.1,1
2026-06-09,v0.4.0,1
2026-06-09,v0.3.5,1
2026-06-09,v0.3.4,1
2026-06-09,v0.3.3,1
2026-06-09,v0.3.2,1
2026-06-09,v0.3.1,1
2026-06-09,v0.3.0,1
2026-06-09,v0.2.5,1
2026-06-09,v0.2.3,3
2026-06-09,v0.2.1,1
2026-06-09,v0.2.0,1
2026-06-10,v0.5.1,3
2026-06-10,v0.5.0,1
2026-06-10,v0.4.16,1
2026-06-10,v0.4.15,2
2026-06-10,v0.4.14,3
2026-06-10,v0.4.13,1
2026-06-10,v0.4.12,1
2026-06-10,v0.4.11,2
2026-06-10,v0.4.10,1
2026-06-10,v0.4.9,1
2026-06-10,v0.4.8,1
2026-06-10,v0.4.7,1
2026-06-10,v0.4.6,1
2026-06-10,v0.4.5,1
2026-06-10,v0.4.4,1
2026-06-10,v0.4.3,2
2026-06-10,v0.4.2,1
2026-06-10,v0.4.1,1
2026-06-10,v0.4.0,1
2026-06-10,v0.3.5,1
2026-06-10,v0.3.4,1
2026-06-10,v0.3.3,1
2026-06-10,v0.3.2,1
2026-06-10,v0.3.1,1
2026-06-10,v0.3.0,1
2026-06-10,v0.2.5,1
2026-06-10,v0.2.3,3
2026-06-10,v0.2.1,1
2026-06-10,v0.2.0,1
2026-06-11,v0.5.1,3
2026-06-11,v0.5.0,1
2026-06-11,v0.4.16,1
2026-06-11,v0.4.15,2
2026-06-11,v0.4.14,3
2026-06-11,v0.4.13,1
2026-06-11,v0.4.12,1
2026-06-11,v0.4.11,2
2026-06-11,v0.4.10,1
2026-06-11,v0.4.9,1
2026-06-11,v0.4.8,1
2026-06-11,v0.4.7,1
2026-06-11,v0.4.6,1
2026-06-11,v0.4.5,1
2026-06-11,v0.4.4,1
2026-06-11,v0.4.3,2
2026-06-11,v0.4.2,1
2026-06-11,v0.4.1,1
2026-06-11,v0.4.0,1
2026-06-11,v0.3.5,1
2026-06-11,v0.3.4,1
2026-06-11,v0.3.3,1
2026-06-11,v0.3.2,1
2026-06-11,v0.3.1,1
2026-06-11,v0.3.0,1
2026-06-11,v0.2.5,1
2026-06-11,v0.2.3,3
2026-06-11,v0.2.1,1
2026-06-11,v0.2.0,1
2026-06-12,v0.5.1,3
2026-06-12,v0.5.0,1
2026-06-12,v0.4.16,1
2026-06-12,v0.4.15,2
2026-06-12,v0.4.14,3
2026-06-12,v0.4.13,1
2026-06-12,v0.4.12,1
2026-06-12,v0.4.11,2
2026-06-12,v0.4.10,1
2026-06-12,v0.4.9,1
2026-06-12,v0.4.8,1
2026-06-12,v0.4.7,1
2026-06-12,v0.4.6,1
2026-06-12,v0.4.5,1
2026-06-12,v0.4.4,1
2026-06-12,v0.4.3,2
2026-06-12,v0.4.2,1
2026-06-12,v0.4.1,1
2026-06-12,v0.4.0,1
2026-06-12,v0.3.5,1
2026-06-12,v0.3.4,1
2026-06-12,v0.3.3,1
2026-06-12,v0.3.2,1
2026-06-12,v0.3.1,1
2026-06-12,v0.3.0,1
2026-06-12,v0.2.5,1
2026-06-12,v0.2.3,3
2026-06-12,v0.2.1,1
2026-06-12,v0.2.0,1
2026-06-13,v0.5.2,0
2026-06-13,v0.5.1,3
2026-06-13,v0.5.0,1
2026-06-13,v0.4.16,1
2026-06-13,v0.4.15,2
2026-06-13,v0.4.14,3
2026-06-13,v0.4.13,1
2026-06-13,v0.4.12,1
2026-06-13,v0.4.11,2
2026-06-13,v0.4.10,1
2026-06-13,v0.4.9,1
2026-06-13,v0.4.8,1
2026-06-13,v0.4.7,1
2026-06-13,v0.4.6,1
2026-06-13,v0.4.5,1
2026-06-13,v0.4.4,1
2026-06-13,v0.4.3,2
2026-06-13,v0.4.2,1
2026-06-13,v0.4.1,1
2026-06-13,v0.4.0,1
2026-06-13,v0.3.5,1
2026-06-13,v0.3.4,1
2026-06-13,v0.3.3,1
2026-06-13,v0.3.2,1
2026-06-13,v0.3.1,1
2026-06-13,v0.3.0,1
2026-06-13,v0.2.5,1
2026-06-13,v0.2.3,3
2026-06-13,v0.2.1,1
2026-06-13,v0.2.0,1
2026-06-14,v0.5.2,1
2026-06-14,v0.5.1,3
2026-06-14,v0.5.0,1
2026-06-14,v0.4.16,1
2026-06-14,v0.4.15,2
2026-06-14,v0.4.14,3
2026-06-14,v0.4.13,1
2026-06-14,v0.4.12,1
2026-06-14,v0.4.11,2
2026-06-14,v0.4.10,1
2026-06-14,v0.4.9,1
2026-06-14,v0.4.8,1
2026-06-14,v0.4.7,1
2026-06-14,v0.4.6,1
2026-06-14,v0.4.5,1
2026-06-14,v0.4.4,1
2026-06-14,v0.4.3,2
2026-06-14,v0.4.2,1
2026-06-14,v0.4.1,1
2026-06-14,v0.4.0,1
2026-06-14,v0.3.5,1
2026-06-14,v0.3.4,1
2026-06-14,v0.3.3,1
2026-06-14,v0.3.2,1
2026-06-14,v0.3.1,1
2026-06-14,v0.3.0,1
2026-06-14,v0.2.5,1
2026-06-14,v0.2.3,3
2026-06-14,v0.2.1,1
2026-06-14,v0.2.0,1
2026-06-15,v0.5.2,1
2026-06-15,v0.5.1,3
2026-06-15,v0.5.0,1
2026-06-15,v0.4.16,1
2026-06-15,v0.4.15,2
2026-06-15,v0.4.14,3
2026-06-15,v0.4.13,1
2026-06-15,v0.4.12,1
2026-06-15,v0.4.11,2
2026-06-15,v0.4.10,1
2026-06-15,v0.4.9,1
2026-06-15,v0.4.8,1
2026-06-15,v0.4.7,1
2026-06-15,v0.4.6,1
2026-06-15,v0.4.5,1
2026-06-15,v0.4.4,1
2026-06-15,v0.4.3,2
2026-06-15,v0.4.2,1
2026-06-15,v0.4.1,1
2026-06-15,v0.4.0,1
2026-06-15,v0.3.5,1
2026-06-15,v0.3.4,1
2026-06-15,v0.3.3,1
2026-06-15,v0.3.2,1
2026-06-15,v0.3.1,1
2026-06-15,v0.3.0,1
2026-06-15,v0.2.5,1
2026-06-15,v0.2.3,3
2026-06-15,v0.2.1,1
2026-06-15,v0.2.0,1
2026-06-16,v0.5.2,1
2026-06-16,v0.5.1,3
2026-06-16,v0.5.0,1
2026-06-16,v0.4.16,1
2026-06-16,v0.4.15,2
2026-06-16,v0.4.14,3
2026-06-16,v0.4.13,1
2026-06-16,v0.4.12,1
2026-06-16,v0.4.11,2
2026-06-16,v0.4.10,1
2026-06-16,v0.4.9,1
2026-06-16,v0.4.8,1
2026-06-16,v0.4.7,1
2026-06-16,v0.4.6,1
2026-06-16,v0.4.5,1
2026-06-16,v0.4.4,1
2026-06-16,v0.4.3,2
2026-06-16,v0.4.2,1
2026-06-16,v0.4.1,1
2026-06-16,v0.4.0,1
2026-06-16,v0.3.5,1
2026-06-16,v0.3.4,1
2026-06-16,v0.3.3,1
2026-06-16,v0.3.2,1
2026-06-16,v0.3.1,1
2026-06-16,v0.3.0,1
2026-06-16,v0.2.5,1
2026-06-16,v0.2.3,3
2026-06-16,v0.2.1,1
2026-06-16,v0.2.0,1
2026-06-17,v0.5.2,2
2026-06-17,v0.5.1,3
2026-06-17,v0.5.0,1
2026-06-17,v0.4.16,1
2026-06-17,v0.4.15,2
2026-06-17,v0.4.14,3
2026-06-17,v0.4.13,1
2026-06-17,v0.4.12,1
2026-06-17,v0.4.11,2
2026-06-17,v0.4.10,1
2026-06-17,v0.4.9,1
2026-06-17,v0.4.8,1
2026-06-17,v0.4.7,1
2026-06-17,v0.4.6,1
2026-06-17,v0.4.5,1
2026-06-17,v0.4.4,1
2026-06-17,v0.4.3,2
2026-06-17,v0.4.2,1
2026-06-17,v0.4.1,1
2026-06-17,v0.4.0,1
2026-06-17,v0.3.5,1
2026-06-17,v0.3.4,1
2026-06-17,v0.3.3,1
2026-06-17,v0.3.2,1
2026-06-17,v0.3.1,1
2026-06-17,v0.3.0,1
2026-06-17,v0.2.5,1
2026-06-17,v0.2.3,3
2026-06-17,v0.2.1,1
2026-06-17,v0.2.0,1
2026-06-18,v0.5.4,0
2026-06-18,v0.5.3,0
2026-06-18,v0.5.2,2
2026-06-18,v0.5.1,3
2026-06-18,v0.5.0,1
2026-06-18,v0.4.16,1
2026-06-18,v0.4.15,2
2026-06-18,v0.4.14,3
2026-06-18,v0.4.13,1
2026-06-18,v0.4.12,1
2026-06-18,v0.4.11,2
2026-06-18,v0.4.10,1
2026-06-18,v0.4.9,1
2026-06-18,v0.4.8,1
2026-06-18,v0.4.7,1
2026-06-18,v0.4.6,1
2026-06-18,v0.4.5,1
2026-06-18,v0.4.4,1
2026-06-18,v0.4.3,2
2026-06-18,v0.4.2,1
2026-06-18,v0.4.1,1
2026-06-18,v0.4.0,1
2026-06-18,v0.3.5,1
2026-06-18,v0.3.4,1
2026-06-18,v0.3.3,1
2026-06-18,v0.3.2,1
2026-06-18,v0.3.1,1
2026-06-18,v0.3.0,1
2026-06-18,v0.2.5,1
2026-06-18,v0.2.3,3
2026-06-18,v0.2.1,1
2026-06-18,v0.2.0,1
2026-06-19,v0.5.6,0
2026-06-19,v0.5.5,0
2026-06-19,v0.5.4,0
2026-06-19,v0.5.3,0
2026-06-19,v0.5.2,2
2026-06-19,v0.5.1,3
2026-06-19,v0.5.0,1
2026-06-19,v0.4.16,1
2026-06-19,v0.4.15,2
2026-06-19,v0.4.14,3
2026-06-19,v0.4.13,1
2026-06-19,v0.4.12,1
2026-06-19,v0.4.11,2
2026-06-19,v0.4.10,1
2026-06-19,v0.4.9,1
2026-06-19,v0.4.8,1
2026-06-19,v0.4.7,1
2026-06-19,v0.4.6,1
2026-06-19,v0.4.5,1
2026-06-19,v0.4.4,1
2026-06-19,v0.4.3,2
2026-06-19,v0.4.2,1
2026-06-19,v0.4.1,1
2026-06-19,v0.4.0,1
2026-06-19,v0.3.5,1
2026-06-19,v0.3.4,1
2026-06-19,v0.3.3,1
2026-06-19,v0.3.2,1
2026-06-19,v0.3.1,1
2026-06-19,v0.3.0,1
2026-06-19,v0.2.5,1
2026-06-19,v0.2.3,3
2026-06-19,v0.2.1,1
2026-06-19,v0.2.0,1
2026-06-20,v0.5.6,0
2026-06-20,v0.5.5,0
2026-06-20,v0.5.4,0
2026-06-20,v0.5.3,0
2026-06-20,v0.5.2,2
2026-06-20,v0.5.1,3
2026-06-20,v0.5.0,1
2026-06-20,v0.4.16,1
2026-06-20,v0.4.15,2
2026-06-20,v0.4.14,3
2026-06-20,v0.4.13,1
2026-06-20,v0.4.12,1
2026-06-20,v0.4.11,2
2026-06-20,v0.4.10,1
2026-06-20,v0.4.9,1
2026-06-20,v0.4.8,1
2026-06-20,v0.4.7,1
2026-06-20,v0.4.6,1
2026-06-20,v0.4.5,1
2026-06-20,v0.4.4,1
2026-06-20,v0.4.3,2
2026-06-20,v0.4.2,1
2026-06-20,v0.4.1,1
2026-06-20,v0.4.0,1
2026-06-20,v0.3.5,1
2026-06-20,v0.3.4,1
2026-06-20,v0.3.3,1
2026-06-20,v0.3.2,1
2026-06-20,v0.3.1,1
2026-06-20,v0.3.0,1
2026-06-20,v0.2.5,1
2026-06-20,v0.2.3,3
2026-06-20,v0.2.1,1
2026-06-20,v0.2.0,1
2026-06-21,v0.5.6,0
2026-06-21,v0.5.5,0
2026-06-21,v0.5.4,0
2026-06-21,v0.5.3,0
2026-06-21,v0.5.2,2
2026-06-21,v0.5.1,3
2026-06-21,v0.5.0,1
2026-06-21,v0.4.16,1
2026-06-21,v0.4.15,2
2026-06-21,v0.4.14,3
2026-06-21,v0.4.13,1
2026-06-21,v0.4.12,1
2026-06-21,v0.4.11,2
2026-06-21,v0.4.10,1
2026-06-21,v0.4.9,1
2026-06-21,v0.4.8,1
2026-06-21,v0.4.7,1
2026-06-21,v0.4.6,1
2026-06-21,v0.4.5,1
2026-06-21,v0.4.4,1
2026-06-21,v0.4.3,2
2026-06-21,v0.4.2,1
2026-06-21,v0.4.1,1
2026-06-21,v0.4.0,1
2026-06-21,v0.3.5,1
2026-06-21,v0.3.4,1
2026-06-21,v0.3.3,1
2026-06-21,v0.3.2,1
2026-06-21,v0.3.1,1
2026-06-21,v0.3.0,1
2026-06-21,v0.2.5,1
2026-06-21,v0.2.3,3
2026-06-21,v0.2.1,1
2026-06-21,v0.2.0,1
2026-06-22,v0.5.6,0
2026-06-22,v0.5.5,0
2026-06-22,v0.5.4,0
2026-06-22,v0.5.3,0
2026-06-22,v0.5.2,2
2026-06-22,v0.5.1,3
2026-06-22,v0.5.0,1
2026-06-22,v0.4.16,1
2026-06-22,v0.4.15,2
2026-06-22,v0.4.14,3
2026-06-22,v0.4.13,1
2026-06-22,v0.4.12,1
2026-06-22,v0.4.11,2
2026-06-22,v0.4.10,1
2026-06-22,v0.4.9,1
2026-06-22,v0.4.8,1
2026-06-22,v0.4.7,1
2026-06-22,v0.4.6,1
2026-06-22,v0.4.5,1
2026-06-22,v0.4.4,1
2026-06-22,v0.4.3,2
2026-06-22,v0.4.2,1
2026-06-22,v0.4.1,1
2026-06-22,v0.4.0,1
2026-06-22,v0.3.5,1
2026-06-22,v0.3.4,1
2026-06-22,v0.3.3,1
2026-06-22,v0.3.2,1
2026-06-22,v0.3.1,1
2026-06-22,v0.3.0,1
2026-06-22,v0.2.5,1
2026-06-22,v0.2.3,3
2026-06-22,v0.2.1,1
2026-06-22,v0.2.0,1
2026-06-23,v0.5.6,0
2026-06-23,v0.5.5,0
2026-06-23,v0.5.4,0
2026-06-23,v0.5.3,0
2026-06-23,v0.5.2,2
2026-06-23,v0.5.1,3
2026-06-23,v0.5.0,1
2026-06-23,v0.4.16,1
2026-06-23,v0.4.15,2
2026-06-23,v0.4.14,3
2026-06-23,v0.4.13,1
2026-06-23,v0.4.12,1
2026-06-23,v0.4.11,2
2026-06-23,v0.4.10,1
2026-06-23,v0.4.9,1
2026-06-23,v0.4.8,1
2026-06-23,v0.4.7,1
2026-06-23,v0.4.6,1
2026-06-23,v0.4.5,1
2026-06-23,v0.4.4,1
2026-06-23,v0.4.3,2
2026-06-23,v0.4.2,1
2026-06-23,v0.4.1,1
2026-06-23,v0.4.0,1
2026-06-23,v0.3.5,1
2026-06-23,v0.3.4,1
2026-06-23,v0.3.3,1
2026-06-23,v0.3.2,1
2026-06-23,v0.3.1,1
2026-06-23,v0.3.0,1
2026-06-23,v0.2.5,1
2026-06-23,v0.2.3,3
2026-06-23,v0.2.1,1
2026-06-23,v0.2.0,1
2026-06-24,v0.5.6,0
2026-06-24,v0.5.5,0
2026-06-24,v0.5.4,0
2026-06-24,v0.5.3,0
2026-06-24,v0.5.2,2
2026-06-24,v0.5.1,3
2026-06-24,v0.5.0,1
2026-06-24,v0.4.16,1
2026-06-24,v0.4.15,2
2026-06-24,v0.4.14,3
2026-06-24,v0.4.13,1
2026-06-24,v0.4.12,1
2026-06-24,v0.4.11,2
2026-06-24,v0.4.10,1
2026-06-24,v0.4.9,1
2026-06-24,v0.4.8,1
2026-06-24,v0.4.7,1
2026-06-24,v0.4.6,1
2026-06-24,v0.4.5,1
2026-06-24,v0.4.4,1
2026-06-24,v0.4.3,2
2026-06-24,v0.4.2,1
2026-06-24,v0.4.1,1
2026-06-24,v0.4.0,1
2026-06-24,v0.3.5,1
2026-06-24,v0.3.4,1
2026-06-24,v0.3.3,1
2026-06-24,v0.3.2,1
2026-06-24,v0.3.1,1
2026-06-24,v0.3.0,1
2026-06-24,v0.2.5,1
2026-06-24,v0.2.3,3
2026-06-24,v0.2.1,1
2026-06-24,v0.2.0,1
2026-06-25,v0.5.6,1
2026-06-25,v0.5.5,0
2026-06-25,v0.5.4,0
2026-06-25,v0.5.3,0
2026-06-25,v0.5.2,2
2026-06-25,v0.5.1,3
2026-06-25,v0.5.0,1
2026-06-25,v0.4.16,1
2026-06-25,v0.4.15,2
2026-06-25,v0.4.14,3
2026-06-25,v0.4.13,1
2026-06-25,v0.4.12,1
2026-06-25,v0.4.11,2
2026-06-25,v0.4.10,1
2026-06-25,v0.4.9,1
2026-06-25,v0.4.8,1
2026-06-25,v0.4.7,1
2026-06-25,v0.4.6,1
2026-06-25,v0.4.5,1
2026-06-25,v0.4.4,1
2026-06-25,v0.4.3,2
2026-06-25,v0.4.2,1
2026-06-25,v0.4.1,1
2026-06-25,v0.4.0,1
2026-06-25,v0.3.5,1
2026-06-25,v0.3.4,1
2026-06-25,v0.3.3,1
2026-06-25,v0.3.2,1
2026-06-25,v0.3.1,1
2026-06-25,v0.3.0,1
2026-06-25,v0.2.5,1
2026-06-25,v0.2.3,3
2026-06-25,v0.2.1,1
2026-06-25,v0.2.0,1
2026-06-26,v0.5.6,1
2026-06-26,v0.5.5,0
2026-06-26,v0.5.4,0
2026-06-26,v0.5.3,0
2026-06-26,v0.5.2,2
2026-06-26,v0.5.1,3
2026-06-26,v0.5.0,1
2026-06-26,v0.4.16,1
2026-06-26,v0.4.15,2
2026-06-26,v0.4.14,3
2026-06-26,v0.4.13,1
2026-06-26,v0.4.12,1
2026-06-26,v0.4.11,2
2026-06-26,v0.4.10,1
2026-06-26,v0.4.9,1
2026-06-26,v0.4.8,1
2026-06-26,v0.4.7,1
2026-06-26,v0.4.6,1
2026-06-26,v0.4.5,1
2026-06-26,v0.4.4,1
2026-06-26,v0.4.3,2
2026-06-26,v0.4.2,1
2026-06-26,v0.4.1,1
2026-06-26,v0.4.0,1
2026-06-26,v0.3.5,1
2026-06-26,v0.3.4,1
2026-06-26,v0.3.3,1
2026-06-26,v0.3.2,1
2026-06-26,v0.3.1,1
2026-06-26,v0.3.0,1
2026-06-26,v0.2.5,1
2026-06-26,v0.2.3,3
2026-06-26,v0.2.1,1
2026-06-26,v0.2.0,1
2026-06-27,v0.5.6,1
2026-06-27,v0.5.5,0
2026-06-27,v0.5.4,0
2026-06-27,v0.5.3,0
2026-06-27,v0.5.2,2
2026-06-27,v0.5.1,3
2026-06-27,v0.5.0,1
2026-06-27,v0.4.16,1
2026-06-27,v0.4.15,2
2026-06-27,v0.4.14,3
2026-06-27,v0.4.13,1
2026-06-27,v0.4.12,1
2026-06-27,v0.4.11,2
2026-06-27,v0.4.10,1
2026-06-27,v0.4.9,1
2026-06-27,v0.4.8,1
2026-06-27,v0.4.7,1
2026-06-27,v0.4.6,1
2026-06-27,v0.4.5,1
2026-06-27,v0.4.4,1
2026-06-27,v0.4.3,2
2026-06-27,v0.4.2,1
2026-06-27,v0.4.1,1
2026-06-27,v0.4.0,1
2026-06-27,v0.3.5,1
2026-06-27,v0.3.4,1
2026-06-27,v0.3.3,1
2026-06-27,v0.3.2,1
2026-06-27,v0.3.1,1
2026-06-27,v0.3.0,1
2026-06-27,v0.2.5,1
2026-06-27,v0.2.3,3
2026-06-27,v0.2.1,1
2026-06-27,v0.2.0,1
2026-06-28,v0.5.6,1
2026-06-28,v0.5.5,0
2026-06-28,v0.5.4,0
2026-06-28,v0.5.3,0
2026-06-28,v0.5.2,2
2026-06-28,v0.5.1,3
2026-06-28,v0.5.0,1
2026-06-28,v0.4.16,1
2026-06-28,v0.4.15,2
2026-06-28,v0.4.14,3
2026-06-28,v0.4.13,1
2026-06-28,v0.4.12,1
2026-06-28,v0.4.11,2
2026-06-28,v0.4.10,1
2026-06-28,v0.4.9,1
2026-06-28,v0.4.8,1
2026-06-28,v0.4.7,1
2026-06-28,v0.4.6,1
2026-06-28,v0.4.5,1
2026-06-28,v0.4.4,1
2026-06-28,v0.4.3,2
2026-06-28,v0.4.2,1
2026-06-28,v0.4.1,1
2026-06-28,v0.4.0,1
2026-06-28,v0.3.5,1
2026-06-28,v0.3.4,1
2026-06-28,v0.3.3,1
2026-06-28,v0.3.2,1
2026-06-28,v0.3.1,1
2026-06-28,v0.3.0,1
2026-06-28,v0.2.5,1
2026-06-28,v0.2.3,3
2026-06-28,v0.2.1,1
2026-06-28,v0.2.0,1
2026-06-29,v0.5.6,1
2026-06-29,v0.5.5,0
2026-06-29,v0.5.4,0
2026-06-29,v0.5.3,0
2026-06-29,v0.5.2,2
2026-06-29,v0.5.1,3
2026-06-29,v0.5.0,1
2026-06-29,v0.4.16,1
2026-06-29,v0.4.15,2
2026-06-29,v0.4.14,3
2026-06-29,v0.4.13,1
2026-06-29,v0.4.12,1
2026-06-29,v0.4.11,2
2026-06-29,v0.4.10,1
2026-06-29,v0.4.9,1
2026-06-29,v0.4.8,1
2026-06-29,v0.4.7,1
2026-06-29,v0.4.6,1
2026-06-29,v0.4.5,1
2026-06-29,v0.4.4,1
2026-06-29,v0.4.3,2
2026-06-29,v0.4.2,1
2026-06-29,v0.4.1,1
2026-06-29,v0.4.0,1
2026-06-29,v0.3.5,1
2026-06-29,v0.3.4,1
2026-06-29,v0.3.3,1
2026-06-29,v0.3.2,1
2026-06-29,v0.3.1,1
2026-06-29,v0.3.0,1
2026-06-29,v0.2.5,1
2026-06-29,v0.2.3,3
2026-06-29,v0.2.1,1
2026-06-29,v0.2.0,1
2026-06-30,v0.5.6,1
2026-06-30,v0.5.5,0
2026-06-30,v0.5.4,0
2026-06-30,v0.5.3,0
2026-06-30,v0.5.2,2
2026-06-30,v0.5.1,3
2026-06-30,v0.5.0,1
2026-06-30,v0.4.16,1
2026-06-30,v0.4.15,2
2026-06-30,v0.4.14,3
2026-06-30,v0.4.13,1
2026-06-30,v0.4.12,1
2026-06-30,v0.4.11,2
2026-06-30,v0.4.10,1
2026-06-30,v0.4.9,1
2026-06-30,v0.4.8,1
2026-06-30,v0.4.7,1
2026-06-30,v0.4.6,1
2026-06-30,v0.4.5,1
2026-06-30,v0.4.4,1
2026-06-30,v0.4.3,2
2026-06-30,v0.4.2,1
2026-06-30,v0.4.1,1
2026-06-30,v0.4.0,1
2026-06-30,v0.3.5,1
2026-06-30,v0.3.4,1
2026-06-30,v0.3.3,1
2026-06-30,v0.3.2,1
2026-06-30,v0.3.1,1
2026-06-30,v0.3.0,1
2026-06-30,v0.2.5,1
2026-06-30,v0.2.3,3
2026-06-30,v0.2.1,1
2026-06-30,v0.2.0,1
2026-07-01,v0.5.6,1
2026-07-01,v0.5.5,0
2026-07-01,v0.5.4,0
2026-07-01,v0.5.3,0
2026-07-01,v0.5.2,2
2026-07-01,v0.5.1,3
2026-07-01,v0.5.0,1
2026-07-01,v0.4.16,1
2026-07-01,v0.4.15,2
2026-07-01,v0.4.14,3
2026-07-01,v0.4.13,1
2026-07-01,v0.4.12,1
2026-07-01,v0.4.11,2
2026-07-01,v0.4.10,1
2026-07-01,v0.4.9,1
2026-07-01,v0.4.8,1
2026-07-01,v0.4.7,1
2026-07-01,v0.4.6,1
2026-07-01,v0.4.5,1
2026-07-01,v0.4.4,1
2026-07-01,v0.4.3,2
2026-07-01,v0.4.2,1
2026-07-01,v0.4.1,1
2026-07-01,v0.4.0,1
2026-07-01,v0.3.5,1
2026-07-01,v0.3.4,1
2026-07-01,v0.3.3,1
2026-07-01,v0.3.2,1
2026-07-01,v0.3.1,1
2026-07-01,v0.3.0,1
2026-07-01,v0.2.5,1
2026-07-01,v0.2.3,3
2026-07-01,v0.2.1,1
2026-07-01,v0.2.0,1
2026-07-02,v0.5.6,1
2026-07-02,v0.5.5,0
2026-07-02,v0.5.4,0
2026-07-02,v0.5.3,0
2026-07-02,v0.5.2,2
2026-07-02,v0.5.1,3
2026-07-02,v0.5.0,1
2026-07-02,v0.4.16,1
2026-07-02,v0.4.15,2
2026-07-02,v0.4.14,3
2026-07-02,v0.4.13,1
2026-07-02,v0.4.12,1
2026-07-02,v0.4.11,2
2026-07-02,v0.4.10,1
2026-07-02,v0.4.9,1
2026-07-02,v0.4.8,1
2026-07-02,v0.4.7,1
2026-07-02,v0.4.6,1
2026-07-02,v0.4.5,1
2026-07-02,v0.4.4,1
2026-07-02,v0.4.3,2
2026-07-02,v0.4.2,1
2026-07-02,v0.4.1,1
2026-07-02,v0.4.0,1
2026-07-02,v0.3.5,1
2026-07-02,v0.3.4,1
2026-07-02,v0.3.3,1
2026-07-02,v0.3.2,1
2026-07-02,v0.3.1,1
2026-07-02,v0.3.0,1
2026-07-02,v0.2.5,1
2026-07-02,v0.2.3,3
2026-07-02,v0.2.1,1
2026-07-02,v0.2.0,1
2026-07-03,v0.5.6,1
2026-07-03,v0.5.5,0
2026-07-03,v0.5.4,0
2026-07-03,v0.5.3,0
2026-07-03,v0.5.2,2
2026-07-03,v0.5.1,3
2026-07-03,v0.5.0,1
2026-07-03,v0.4.16,1
2026-07-03,v0.4.15,2
2026-07-03,v0.4.14,3
2026-07-03,v0.4.13,1
2026-07-03,v0.4.12,1
2026-07-03,v0.4.11,2
2026-07-03,v0.4.10,1
2026-07-03,v0.4.9,1
2026-07-03,v0.4.8,1
2026-07-03,v0.4.7,1
2026-07-03,v0.4.6,1
2026-07-03,v0.4.5,1
2026-07-03,v0.4.4,1
2026-07-03,v0.4.3,2
2026-07-03,v0.4.2,1
2026-07-03,v0.4.1,1
2026-07-03,v0.4.0,1
2026-07-03,v0.3.5,1
2026-07-03,v0.3.4,1
2026-07-03,v0.3.3,1
2026-07-03,v0.3.2,1
2026-07-03,v0.3.1,1
2026-07-03,v0.3.0,1
2026-07-03,v0.2.5,1
2026-07-03,v0.2.3,3
2026-07-03,v0.2.1,1
2026-07-03,v0.2.0,1
2026-07-04,v0.5.6,1
2026-07-04,v0.5.5,0
2026-07-04,v0.5.4,0
2026-07-04,v0.5.3,0
2026-07-04,v0.5.2,2
2026-07-04,v0.5.1,3
2026-07-04,v0.5.0,1
2026-07-04,v0.4.16,1
2026-07-04,v0.4.15,2
2026-07-04,v0.4.14,3
2026-07-04,v0.4.13,1
2026-07-04,v0.4.12,1
2026-07-04,v0.4.11,2
2026-07-04,v0.4.10,1
2026-07-04,v0.4.9,1
2026-07-04,v0.4.8,1
2026-07-04,v0.4.7,1
2026-07-04,v0.4.6,1
2026-07-04,v0.4.5,1
2026-07-04,v0.4.4,1
2026-07-04,v0.4.3,2
2026-07-04,v0.4.2,1
2026-07-04,v0.4.1,1
2026-07-04,v0.4.0,1
2026-07-04,v0.3.5,1
2026-07-04,v0.3.4,1
2026-07-04,v0.3.3,1
2026-07-04,v0.3.2,1
2026-07-04,v0.3.1,1
2026-07-04,v0.3.0,1
2026-07-04,v0.2.5,1
2026-07-04,v0.2.3,4
2026-07-04,v0.2.1,1
2026-07-04,v0.2.0,1
2026-07-05,v0.5.6,1
2026-07-05,v0.5.5,0
2026-07-05,v0.5.4,0
2026-07-05,v0.5.3,0
2026-07-05,v0.5.2,2
2026-07-05,v0.5.1,3
2026-07-05,v0.5.0,1
2026-07-05,v0.4.16,1
2026-07-05,v0.4.15,2
2026-07-05,v0.4.14,3
2026-07-05,v0.4.13,1
2026-07-05,v0.4.12,1
2026-07-05,v0.4.11,2
2026-07-05,v0.4.10,1
2026-07-05,v0.4.9,1
2026-07-05,v0.4.8,1
2026-07-05,v0.4.7,1
2026-07-05,v0.4.6,1
2026-07-05,v0.4.5,1
2026-07-05,v0.4.4,1
2026-07-05,v0.4.3,2
2026-07-05,v0.4.2,1
2026-07-05,v0.4.1,1
2026-07-05,v0.4.0,1
2026-07-05,v0.3.5,1
2026-07-05,v0.3.4,1
2026-07-05,v0.3.3,1
2026-07-05,v0.3.2,1
2026-07-05,v0.3.1,1
2026-07-05,v0.3.0,1
2026-07-05,v0.2.5,1
2026-07-05,v0.2.3,4
2026-07-05,v0.2.1,1
2026-07-05,v0.2.0,1
2026-07-06,v0.5.6,1
2026-07-06,v0.5.5,0
2026-07-06,v0.5.4,0
2026-07-06,v0.5.3,0
2026-07-06,v0.5.2,2
2026-07-06,v0.5.1,3
2026-07-06,v0.5.0,1
2026-07-06,v0.4.16,1
2026-07-06,v0.4.15,2
2026-07-06,v0.4.14,3
2026-07-06,v0.4.13,1
2026-07-06,v0.4.12,1
2026-07-06,v0.4.11,2
2026-07-06,v0.4.10,1
2026-07-06,v0.4.9,1
2026-07-06,v0.4.8,1
2026-07-06,v0.4.7,1
2026-07-06,v0.4.6,1
2026-07-06,v0.4.5,1
2026-07-06,v0.4.4,1
2026-07-06,v0.4.3,2
2026-07-06,v0.4.2,1
2026-07-06,v0.4.1,1
2026-07-06,v0.4.0,1
2026-07-06,v0.3.5,1
2026-07-06,v0.3.4,1
2026-07-06,v0.3.3,1
2026-07-06,v0.3.2,1
2026-07-06,v0.3.1,1
2026-07-06,v0.3.0,1
2026-07-06,v0.2.5,1
2026-07-06,v0.2.3,4
2026-07-06,v0.2.1,1
2026-07-06,v0.2.0,1
2026-07-07,v0.5.6,2
2026-07-07,v0.5.5,0
2026-07-07,v0.5.4,0
2026-07-07,v0.5.3,0
2026-07-07,v0.5.2,2
2026-07-07,v0.5.1,3
2026-07-07,v0.5.0,1
2026-07-07,v0.4.16,1
2026-07-07,v0.4.15,2
2026-07-07,v0.4.14,3
2026-07-07,v0.4.13,1
2026-07-07,v0.4.12,1
2026-07-07,v0.4.11,2
2026-07-07,v0.4.10,1
2026-07-07,v0.4.9,1
2026-07-07,v0.4.8,1
2026-07-07,v0.4.7,1
2026-07-07,v0.4.6,1
2026-07-07,v0.4.5,1
2026-07-07,v0.4.4,1
2026-07-07,v0.4.3,2
2026-07-07,v0.4.2,1
2026-07-07,v0.4.1,1
2026-07-07,v0.4.0,1
2026-07-07,v0.3.5,1
2026-07-07,v0.3.4,1
2026-07-07,v0.3.3,1
2026-07-07,v0.3.2,1
2026-07-07,v0.3.1,1
2026-07-07,v0.3.0,1
2026-07-07,v0.2.5,1
2026-07-07,v0.2.3,4
2026-07-07,v0.2.1,1
2026-07-07,v0.2.0,1
2026-07-08,v0.5.6,2
2026-07-08,v0.5.5,0
2026-07-08,v0.5.4,0
2026-07-08,v0.5.3,0
2026-07-08,v0.5.2,2
2026-07-08,v0.5.1,3
2026-07-08,v0.5.0,1
2026-07-08,v0.4.16,1
2026-07-08,v0.4.15,2
2026-07-08,v0.4.14,3
2026-07-08,v0.4.13,1
2026-07-08,v0.4.12,1
2026-07-08,v0.4.11,2
2026-07-08,v0.4.10,1
2026-07-08,v0.4.9,1
2026-07-08,v0.4.8,1
2026-07-08,v0.4.7,1
2026-07-08,v0.4.6,1
2026-07-08,v0.4.5,1
2026-07-08,v0.4.4,1
2026-07-08,v0.4.3,2
2026-07-08,v0.4.2,1
2026-07-08,v0.4.1,1
2026-07-08,v0.4.0,1
2026-07-08,v0.3.5,1
2026-07-08,v0.3.4,1
2026-07-08,v0.3.3,1
2026-07-08,v0.3.2,1
2026-07-08,v0.3.1,1
2026-07-08,v0.3.0,1
2026-07-08,v0.2.5,1
2026-07-08,v0.2.3,4
2026-07-08,v0.2.1,1
2026-07-08,v0.2.0,1
2026-07-09,v0.5.6,3
2026-07-09,v0.5.5,0
2026-07-09,v0.5.4,0
2026-07-09,v0.5.3,0
2026-07-09,v0.5.2,2
2026-07-09,v0.5.1,3
2026-07-09,v0.5.0,1
2026-07-09,v0.4.16,1
2026-07-09,v0.4.15,2
2026-07-09,v0.4.14,3
2026-07-09,v0.4.13,1
2026-07-09,v0.4.12,1
2026-07-09,v0.4.11,2
2026-07-09,v0.4.10,1
2026-07-09,v0.4.9,1
2026-07-09,v0.4.8,1
2026-07-09,v0.4.7,1
2026-07-09,v0.4.6,1
2026-07-09,v0.4.5,1
2026-07-09,v0.4.4,1
2026-07-09,v0.4.3,2
2026-07-09,v0.4.2,1
2026-07-09,v0.4.1,1
2026-07-09,v0.4.0,1
2026-07-09,v0.3.5,1
2026-07-09,v0.3.4,1
2026-07-09,v0.3.3,1
2026-07-09,v0.3.2,1
2026-07-09,v0.3.1,1
2026-07-09,v0.3.0,1
2026-07-09,v0.2.5,1
2026-07-09,v0.2.3,4
2026-07-09,v0.2.1,1
2026-07-09,v0.2.0,1
2026-07-10,v0.5.6,3
2026-07-10,v0.5.5,0
2026-07-10,v0.5.4,0
2026-07-10,v0.5.3,0
2026-07-10,v0.5.2,2
2026-07-10,v0.5.1,3
2026-07-10,v0.5.0,1
2026-07-10,v0.4.16,1
2026-07-10,v0.4.15,3
2026-07-10,v0.4.14,3
2026-07-10,v0.4.13,1
2026-07-10,v0.4.12,1
2026-07-10,v0.4.11,2
2026-07-10,v0.4.10,1
2026-07-10,v0.4.9,1
2026-07-10,v0.4.8,1
2026-07-10,v0.4.7,1
2026-07-10,v0.4.6,1
2026-07-10,v0.4.5,1
2026-07-10,v0.4.4,1
2026-07-10,v0.4.3,2
2026-07-10,v0.4.2,1
2026-07-10,v0.4.1,1
2026-07-10,v0.4.0,1
2026-07-10,v0.3.5,1
2026-07-10,v0.3.4,1
2026-07-10,v0.3.3,1
2026-07-10,v0.3.2,1
2026-07-10,v0.3.1,1
2026-07-10,v0.3.0,1
2026-07-10,v0.2.5,1
2026-07-10,v0.2.3,4
2026-07-10,v0.2.1,1
2026-07-10,v0.2.0,1
2026-07-11,v0.5.6,3
2026-07-11,v0.5.5,0
2026-07-11,v0.5.4,0
2026-07-11,v0.5.3,0
2026-07-11,v0.5.2,2
2026-07-11,v0.5.1,3
2026-07-11,v0.5.0,1
2026-07-11,v0.4.16,1
2026-07-11,v0.4.15,3
2026-07-11,v0.4.14,3
2026-07-11,v0.4.13,1
2026-07-11,v0.4.12,1
2026-07-11,v0.4.11,2
2026-07-11,v0.4.10,1
2026-07-11,v0.4.9,1
2026-07-11,v0.4.8,1
2026-07-11,v0.4.7,1
2026-07-11,v0.4.6,1
2026-07-11,v0.4.5,1
2026-07-11,v0.4.4,1
2026-07-11,v0.4.3,2
2026-07-11,v0.4.2,1
2026-07-11,v0.4.1,1
2026-07-11,v0.4.0,1
2026-07-11,v0.3.5,1
2026-07-11,v0.3.4,1
2026-07-11,v0.3.3,1
2026-07-11,v0.3.2,1
2026-07-11,v0.3.1,1
2026-07-11,v0.3.0,1
2026-07-11,v0.2.5,1
2026-07-11,v0.2.3,4
2026-07-11,v0.2.1,1
2026-07-11,v0.2.0,1
2026-07-12,v0.5.6,3
2026-07-12,v0.5.5,0
2026-07-12,v0.5.4,0
2026-07-12,v0.5.3,0
2026-07-12,v0.5.2,2
2026-07-12,v0.5.1,3
2026-07-12,v0.5.0,1
2026-07-12,v0.4.16,1
2026-07-12,v0.4.15,3
2026-07-12,v0.4.14,3
2026-07-12,v0.4.13,1
2026-07-12,v0.4.12,1
2026-07-12,v0.4.11,2
2026-07-12,v0.4.10,1
2026-07-12,v0.4.9,1
2026-07-12,v0.4.8,1
2026-07-12,v0.4.7,1
2026-07-12,v0.4.6,1
2026-07-12,v0.4.5,1
2026-07-12,v0.4.4,1
2026-07-12,v0.4.3,2
2026-07-12,v0.4.2,1
2026-07-12,v0.4.1,1
2026-07-12,v0.4.0,1
2026-07-12,v0.3.5,1
2026-07-12,v0.3.4,1
2026-07-12,v0.3.3,1
2026-07-12,v0.3.2,1
2026-07-12,v0.3.1,1
2026-07-12,v0.3.0,1
2026-07-12,v0.2.5,1
2026-07-12,v0.2.3,4
2026-07-12,v0.2.1,1
2026-07-12,v0.2.0,1
2026-07-13,v0.5.6,3
2026-07-13,v0.5.5,0
2026-07-13,v0.5.4,0
2026-07-13,v0.5.3,0
2026-07-13,v0.5.2,2
2026-07-13,v0.5.1,3
2026-07-13,v0.5.0,1
2026-07-13,v0.4.16,1
2026-07-13,v0.4.15,3
2026-07-13,v0.4.14,3
2026-07-13,v0.4.13,1
2026-07-13,v0.4.12,1
2026-07-13,v0.4.11,2
2026-07-13,v0.4.10,1
2026-07-13,v0.4.9,1
2026-07-13,v0.4.8,1
2026-07-13,v0.4.7,1
2026-07-13,v0.4.6,1
2026-07-13,v0.4.5,1
2026-07-13,v0.4.4,1
2026-07-13,v0.4.3,2
2026-07-13,v0.4.2,1
2026-07-13,v0.4.1,1
2026-07-13,v0.4.0,1
2026-07-13,v0.3.5,1
2026-07-13,v0.3.4,1
2026-07-13,v0.3.3,1
2026-07-13,v0.3.2,1
2026-07-13,v0.3.1,1
2026-07-13,v0.3.0,1
2026-07-13,v0.2.5,1
2026-07-13,v0.2.3,4
2026-07-13,v0.2.1,1
2026-07-13,v0.2.0,1
2026-07-14,v0.5.6,3
2026-07-14,v0.5.5,0
2026-07-14,v0.5.4,0
2026-07-14,v0.5.3,0
2026-07-14,v0.5.2,2
2026-07-14,v0.5.1,3
2026-07-14,v0.5.0,1
2026-07-14,v0.4.16,1
2026-07-14,v0.4.15,3
2026-07-14,v0.4.14,3
2026-07-14,v0.4.13,1
2026-07-14,v0.4.12,1
2026-07-14,v0.4.11,2
2026-07-14,v0.4.10,1
2026-07-14,v0.4.9,1
2026-07-14,v0.4.8,1
2026-07-14,v0.4.7,1
2026-07-14,v0.4.6,1
2026-07-14,v0.4.5,1
2026-07-14,v0.4.4,1
2026-07-14,v0.4.3,2
2026-07-14,v0.4.2,1
2026-07-14,v0.4.1,1
2026-07-14,v0.4.0,1
2026-07-14,v0.3.5,1
2026-07-14,v0.3.4,1
2026-07-14,v0.3.3,1
2026-07-14,v0.3.2,1
2026-07-14,v0.3.1,1
2026-07-14,v0.3.0,1
2026-07-14,v0.2.5,1
2026-07-14,v0.2.3,4
2026-07-14,v0.2.1,1
2026-07-14,v0.2.0,1
2026-07-15,v0.5.6,3
2026-07-15,v0.5.5,0
2026-07-15,v0.5.4,0
2026-07-15,v0.5.3,0
2026-07-15,v0.5.2,2
2026-07-15,v0.5.1,3
2026-07-15,v0.5.0,1
2026-07-15,v0.4.16,1
2026-07-15,v0.4.15,3
2026-07-15,v0.4.14,3
2026-07-15,v0.4.13,1
2026-07-15,v0.4.12,1
2026-07-15,v0.4.11,3
2026-07-15,v0.4.10,1
2026-07-15,v0.4.9,1
2026-07-15,v0.4.8,1
2026-07-15,v0.4.7,1
2026-07-15,v0.4.6,1
2026-07-15,v0.4.5,1
2026-07-15,v0.4.4,1
2026-07-15,v0.4.3,2
2026-07-15,v0.4.2,1
2026-07-15,v0.4.1,1
2026-07-15,v0.4.0,1
2026-07-15,v0.3.5,1
2026-07-15,v0.3.4,1
2026-07-15,v0.3.3,1
2026-07-15,v0.3.2,1
2026-07-15,v0.3.1,1
2026-07-15,v0.3.0,1
2026-07-15,v0.2.5,1
2026-07-15,v0.2.3,4
2026-07-15,v0.2.1,1
2026-07-15,v0.2.0,1
2026-07-16,v0.5.6,3
2026-07-16,v0.5.5,0
2026-07-16,v0.5.4,0
2026-07-16,v0.5.3,0
2026-07-16,v0.5.2,2
2026-07-16,v0.5.1,3
2026-07-16,v0.5.0,1
2026-07-16,v0.4.16,1
2026-07-16,v0.4.15,3
2026-07-16,v0.4.14,3
2026-07-16,v0.4.13,1
2026-07-16,v0.4.12,1
2026-07-16,v0.4.11,3
2026-07-16,v0.4.10,1
2026-07-16,v0.4.9,1
2026-07-16,v0.4.8,1
2026-07-16,v0.4.7,1
2026-07-16,v0.4.6,1
2026-07-16,v0.4.5,1
2026-07-16,v0.4.4,1
2026-07-16,v0.4.3,2
2026-07-16,v0.4.2,1
2026-07-16,v0.4.1,1
2026-07-16,v0.4.0,1
2026-07-16,v0.3.5,1
2026-07-16,v0.3.4,1
2026-07-16,v0.3.3,1
2026-07-16,v0.3.2,1
2026-07-16,v0.3.1,1
2026-07-16,v0.3.0,1
2026-07-16,v0.2.5,1
2026-07-16,v0.2.3,4
2026-07-16,v0.2.1,1
2026-07-16,v0.2.0,1
2026-07-17,v0.5.6,3
2026-07-17,v0.5.5,0
2026-07-17,v0.5.4,0
2026-07-17,v0.5.3,0
2026-07-17,v0.5.2,2
2026-07-17,v0.5.1,3
2026-07-17,v0.5.0,1
2026-07-17,v0.4.16,1
2026-07-17,v0.4.15,3
2026-07-17,v0.4.14,3
2026-07-17,v0.4.13,1
2026-07-17,v0.4.12,1
2026-07-17,v0.4.11,3
2026-07-17,v0.4.10,1
2026-07-17,v0.4.9,1
2026-07-17,v0.4.8,1
2026-07-17,v0.4.7,1
2026-07-17,v0.4.6,1
2026-07-17,v0.4.5,1
2026-07-17,v0.4.4,1
2026-07-17,v0.4.3,2
2026-07-17,v0.4.2,1
2026-07-17,v0.4.1,1
2026-07-17,v0.4.0,1
2026-07-17,v0.3.5,1
2026-07-17,v0.3.4,1
2026-07-17,v0.3.3,1
2026-07-17,v0.3.2,1
2026-07-17,v0.3.1,1
2026-07-17,v0.3.0,1
2026-07-17,v0.2.5,1
2026-07-17,v0.2.3,4
2026-07-17,v0.2.1,1
2026-07-17,v0.2.0,1
2026-07-18,v0.5.6,3
2026-07-18,v0.5.5,0
2026-07-18,v0.5.4,0
2026-07-18,v0.5.3,0
2026-07-18,v0.5.2,2
2026-07-18,v0.5.1,3
2026-07-18,v0.5.0,1
2026-07-18,v0.4.16,1
2026-07-18,v0.4.15,3
2026-07-18,v0.4.14,3
2026-07-18,v0.4.13,1
2026-07-18,v0.4.12,1
2026-07-18,v0.4.11,3
2026-07-18,v0.4.10,1
2026-07-18,v0.4.9,1
2026-07-18,v0.4.8,1
2026-07-18,v0.4.7,1
2026-07-18,v0.4.6,1
2026-07-18,v0.4.5,1
2026-07-18,v0.4.4,1
2026-07-18,v0.4.3,2
2026-07-18,v0.4.2,1
2026-07-18,v0.4.1,1
2026-07-18,v0.4.0,1
2026-07-18,v0.3.5,1
2026-07-18,v0.3.4,1
2026-07-18,v0.3.3,1
2026-07-18,v0.3.2,1
2026-07-18,v0.3.1,1
2026-07-18,v0.3.0,1
2026-07-18,v0.2.5,1
2026-07-18,v0.2.3,4
2026-07-18,v0.2.1,1
2026-07-18,v0.2.0,1
2026-07-19,v0.5.6,3
2026-07-19,v0.5.5,0
2026-07-19,v0.5.4,0
2026-07-19,v0.5.3,0
2026-07-19,v0.5.2,2
2026-07-19,v0.5.1,3
2026-07-19,v0.5.0,1
2026-07-19,v0.4.16,1
2026-07-19,v0.4.15,3
2026-07-19,v0.4.14,3
2026-07-19,v0.4.13,1
2026-07-19,v0.4.12,1
2026-07-19,v0.4.11,3
2026-07-19,v0.4.10,1
2026-07-19,v0.4.9,1
2026-07-19,v0.4.8,1
2026-07-19,v0.4.7,1
2026-07-19,v0.4.6,1
2026-07-19,v0.4.5,1
2026-07-19,v0.4.4,1
2026-07-19,v0.4.3,2
2026-07-19,v0.4.2,1
2026-07-19,v0.4.1,1
2026-07-19,v0.4.0,1
2026-07-19,v0.3.5,1
2026-07-19,v0.3.4,1
2026-07-19,v0.3.3,1
2026-07-19,v0.3.2,1
2026-07-19,v0.3.1,1
2026-07-19,v0.3.0,1
2026-07-19,v0.2.5,1
2026-07-19,v0.2.3,4
2026-07-19,v0.2.1,1
2026-07-19,v0.2.0,1
2026-07-20,v0.5.6,3
2026-07-20,v0.5.5,0
2026-07-20,v0.5.4,0
2026-07-20,v0.5.3,0
2026-07-20,v0.5.2,2
2026-07-20,v0.5.1,3
2026-07-20,v0.5.0,1
2026-07-20,v0.4.16,1
2026-07-20,v0.4.15,3
2026-07-20,v0.4.14,3
2026-07-20,v0.4.13,1
2026-07-20,v0.4.12,1
2026-07-20,v0.4.11,3
2026-07-20,v0.4.10,1
2026-07-20,v0.4.9,1
2026-07-20,v0.4.8,1
2026-07-20,v0.4.7,1
2026-07-20,v0.4.6,1
2026-07-20,v0.4.5,1
2026-07-20,v0.4.4,1
2026-07-20,v0.4.3,2
2026-07-20,v0.4.2,1
2026-07-20,v0.4.1,1
2026-07-20,v0.4.0,1
2026-07-20,v0.3.5,1
2026-07-20,v0.3.4,1
2026-07-20,v0.3.3,1
2026-07-20,v0.3.2,1
2026-07-20,v0.3.1,1
2026-07-20,v0.3.0,1
2026-07-20,v0.2.5,1
2026-07-20,v0.2.3,4
2026-07-20,v0.2.1,1
2026-07-20,v0.2.0,1
2026-07-21,v0.5.6,3
2026-07-21,v0.5.5,0
2026-07-21,v0.5.4,0
2026-07-21,v0.5.3,0
2026-07-21,v0.5.2,2
2026-07-21,v0.5.1,3
2026-07-21,v0.5.0,1
2026-07-21,v0.4.16,1
2026-07-21,v0.4.15,3
2026-07-21,v0.4.14,3
2026-07-21,v0.4.13,1
2026-07-21,v0.4.12,1
2026-07-21,v0.4.11,3
2026-07-21,v0.4.10,1
2026-07-21,v0.4.9,1
2026-07-21,v0.4.8,1
2026-07-21,v0.4.7,1
2026-07-21,v0.4.6,1
2026-07-21,v0.4.5,1
2026-07-21,v0.4.4,1
2026-07-21,v0.4.3,2
2026-07-21,v0.4.2,1
2026-07-21,v0.4.1,1
2026-07-21,v0.4.0,1
2026-07-21,v0.3.5,1
2026-07-21,v0.3.4,1
2026-07-21,v0.3.3,1
2026-07-21,v0.3.2,1
2026-07-21,v0.3.1,1
2026-07-21,v0.3.0,1
2026-07-21,v0.2.5,1
2026-07-21,v0.2.3,4
2026-07-21,v0.2.1,1
2026-07-21,v0.2.0,1
2026-07-22,v0.5.6,3
2026-07-22,v0.5.5,0
2026-07-22,v0.5.4,0
2026-07-22,v0.5.3,0
2026-07-22,v0.5.2,2
2026-07-22,v0.5.1,3
2026-07-22,v0.5.0,1
2026-07-22,v0.4.16,1
2026-07-22,v0.4.15,3
2026-07-22,v0.4.14,3
2026-07-22,v0.4.13,1
2026-07-22,v0.4.12,1
2026-07-22,v0.4.11,3
2026-07-22,v0.4.10,1
2026-07-22,v0.4.9,1
2026-07-22,v0.4.8,1
2026-07-22,v0.4.7,1
2026-07-22,v0.4.6,1
2026-07-22,v0.4.5,1
2026-07-22,v0.4.4,1
2026-07-22,v0.4.3,2
2026-07-22,v0.4.2,1
2026-07-22,v0.4.1,1
2026-07-22,v0.4.0,1
2026-07-22,v0.3.5,1
2026-07-22,v0.3.4,1
2026-07-22,v0.3.3,1
2026-07-22,v0.3.2,1
2026-07-22,v0.3.1,1
2026-07-22,v0.3.0,1
2026-07-22,v0.2.5,1
2026-07-22,v0.2.3,4
2026-07-22,v0.2.1,1
2026-07-22,v0.2.0,1
2026-07-23,v0.5.8,0
2026-07-23,v0.5.7,0
2026-07-23,v0.5.6,3
2026-07-23,v0.5.5,0
2026-07-23,v0.5.4,0
2026-07-23,v0.5.3,0
2026-07-23,v0.5.2,2
2026-07-23,v0.5.1,3
2026-07-23,v0.5.0,1
2026-07-23,v0.4.16,1
2026-07-23,v0.4.15,3
2026-07-23,v0.4.14,3
2026-07-23,v0.4.13,1
2026-07-23,v0.4.12,1
2026-07-23,v0.4.11,3
2026-07-23,v0.4.10,1
2026-07-23,v0.4.9,1
2026-07-23,v0.4.8,1
2026-07-23,v0.4.7,1
2026-07-23,v0.4.6,1
2026-07-23,v0.4.5,1
2026-07-23,v0.4.4,1
2026-07-23,v0.4.3,2
2026-07-23,v0.4.2,1
2026-07-23,v0.4.1,1
2026-07-23,v0.4.0,1
2026-07-23,v0.3.5,1
2026-07-23,v0.3.4,1
2026-07-23,v0.3.3,1
2026-07-23,v0.3.2,1
2026-07-23,v0.3.1,1
2026-07-23,v0.3.0,1
2026-07-23,v0.2.5,1
2026-07-23,v0.2.3,4
2026-07-23,v0.2.1,1
2026-07-23,v0.2.0,1
2026-07-24,v0.5.8,0
2026-07-24,v0.5.7,0
2026-07-24,v0.5.6,3
2026-07-24,v0.5.5,0
2026-07-24,v0.5.4,0
2026-07-24,v0.5.3,0
2026-07-24,v0.5.2,2
2026-07-24,v0.5.1,3
2026-07-24,v0.5.0,1
2026-07-24,v0.4.16,1
2026-07-24,v0.4.15,3
2026-07-24,v0.4.14,3
2026-07-24,v0.4.13,1
2026-07-24,v0.4.12,1
2026-07-24,v0.4.11,3
2026-07-24,v0.4.10,1
2026-07-24,v0.4.9,1
2026-07-24,v0.4.8,1
2026-07-24,v0.4.7,1
2026-07-24,v0.4.6,1
2026-07-24,v0.4.5,1
2026-07-24,v0.4.4,1
2026-07-24,v0.4.3,2
2026-07-24,v0.4.2,1
2026-07-24,v0.4.1,1
2026-07-24,v0.4.0,1
2026-07-24,v0.3.5,1
2026-07-24,v0.3.4,1
2026-07-24,v0.3.3,1
2026-07-24,v0.3.2,1
2026-07-24,v0.3.1,1
2026-07-24,v0.3.0,1
2026-07-24,v0.2.5,1
2026-07-24,v0.2.3,4
2026-07-24,v0.2.1,1
2026-07-24,v0.2.0,1
2026-07-25,v0.5.8,0
2026-07-25,v0.5.7,0
2026-07-25,v0.5.6,3
2026-07-25,v0.5.5,0
2026-07-25,v0.5.4,0
2026-07-25,v0.5.3,0
2026-07-25,v0.5.2,2
2026-07-25,v0.5.1,3
2026-07-25,v0.5.0,1
2026-07-25,v0.4.16,1
2026-07-25,v0.4.15,3
2026-07-25,v0.4.14,3
2026-07-25,v0.4.13,1
2026-07-25,v0.4.12,1
2026-07-25,v0.4.11,3
2026-07-25,v0.4.10,1
2026-07-25,v0.4.9,1
2026-07-25,v0.4.8,1
2026-07-25,v0.4.7,1
2026-07-25,v0.4.6,1
2026-07-25,v0.4.5,1
2026-07-25,v0.4.4,1
2026-07-25,v0.4.3,2
2026-07-25,v0.4.2,1
2026-07-25,v0.4.1,1
2026-07-25,v0.4.0,1
2026-07-25,v0.3.5,1
2026-07-25,v0.3.4,1
2026-07-25,v0.3.3,1
2026-07-25,v0.3.2,1
2026-07-25,v0.3.1,1
2026-07-25,v0.3.0,1
2026-07-25,v0.2.5,1
2026-07-25,v0.2.3,4
2026-07-25,v0.2.1,1
2026-07-25,v0.2.0,1
2026-07-26,v0.5.8,0
2026-07-26,v0.5.7,0
2026-07-26,v0.5.6,3
2026-07-26,v0.5.5,0
2026-07-26,v0.5.4,0
2026-07-26,v0.5.3,0
2026-07-26,v0.5.2,2
2026-07-26,v0.5.1,3
2026-07-26,v0.5.0,1
2026-07-26,v0.4.16,1
2026-07-26,v0.4.15,3
2026-07-26,v0.4.14,3
2026-07-26,v0.4.13,1
2026-07-26,v0.4.12,1
2026-07-26,v0.4.11,3
2026-07-26,v0.4.10,1
2026-07-26,v0.4.9,1
2026-07-26,v0.4.8,1
2026-07-26,v0.4.7,1
2026-07-26,v0.4.6,1
2026-07-26,v0.4.5,1
2026-07-26,v0.4.4,1
2026-07-26,v0.4.3,2
2026-07-26,v0.4.2,1
2026-07-26,v0.4.1,1
2026-07-26,v0.4.0,1
2026-07-26,v0.3.5,1
2026-07-26,v0.3.4,1
2026-07-26,v0.3.3,1
2026-07-26,v0.3.2,1
2026-07-26,v0.3.1,1
2026-07-26,v0.3.0,1
2026-07-26,v0.2.5,1
2026-07-26,v0.2.3,4
2026-07-26,v0.2.1,1
2026-07-26,v0.2.0,1
2026-07-27,v0.5.8,0
2026-07-27,v0.5.7,0
2026-07-27,v0.5.6,3
2026-07-27,v0.5.5,0
2026-07-27,v0.5.4,0
2026-07-27,v0.5.3,0
2026-07-27,v0.5.2,2
2026-07-27,v0.5.1,3
2026-07-27,v0.5.0,1
2026-07-27,v0.4.16,1
2026-07-27,v0.4.15,3
2026-07-27,v0.4.14,3
2026-07-27,v0.4.13,1
2026-07-27,v0.4.12,1
2026-07-27,v0.4.11,3
2026-07-27,v0.4.10,1
2026-07-27,v0.4.9,1
2026-07-27,v0.4.8,1
2026-07-27,v0.4.7,1
2026-07-27,v0.4.6,1
2026-07-27,v0.4.5,1
2026-07-27,v0.4.4,1
2026-07-27,v0.4.3,2
2026-07-27,v0.4.2,1
2026-07-27,v0.4.1,1
2026-07-27,v0.4.0,1
2026-07-27,v0.3.5,1
2026-07-27,v0.3.4,1
2026-07-27,v0.3.3,1
2026-07-27,v0.3.2,1
2026-07-27,v0.3.1,1
2026-07-27,v0.3.0,1
2026-07-27,v0.2.5,1
2026-07-27,v0.2.3,4
2026-07-27,v0.2.1,1
2026-07-27,v0.2.0,1
2026-07-28,v0.5.8,2
2026-07-28,v0.5.7,0
2026-07-28,v0.5.6,3
2026-07-28,v0.5.5,0
2026-07-28,v0.5.4,0
2026-07-28,v0.5.3,0
2026-07-28,v0.5.2,2
2026-07-28,v0.5.1,3
2026-07-28,v0.5.0,1
2026-07-28,v0.4.16,1
2026-07-28,v0.4.15,3
2026-07-28,v0.4.14,3
2026-07-28,v0.4.13,1
2026-07-28,v0.4.12,1
2026-07-28,v0.4.11,3
2026-07-28,v0.4.10,1
2026-07-28,v0.4.9,1
2026-07-28,v0.4.8,1
2026-07-28,v0.4.7,1
2026-07-28,v0.4.6,1
2026-07-28,v0.4.5,1
2026-07-28,v0.4.4,1
2026-07-28,v0.4.3,2
2026-07-28,v0.4.2,1
2026-07-28,v0.4.1,1
2026-07-28,v0.4.0,1
2026-07-28,v0.3.5,1
2026-07-28,v0.3.4,1
2026-07-28,v0.3.3,1
2026-07-28,v0.3.2,1
2026-07-28,v0.3.1,1
2026-07-28,v0.3.0,1
2026-07-28,v0.2.5,1
2026-07-28,v0.2.3,4
2026-07-28,v0.2.1,1
2026-07-28,v0.2.0,1
2026-07-29,v0.5.8,2
2026-07-29,v0.5.7,0
2026-07-29,v0.5.6,3
2026-07-29,v0.5.5,0
2026-07-29,v0.5.4,0
2026-07-29,v0.5.3,0
2026-07-29,v0.5.2,2
2026-07-29,v0.5.1,3
2026-07-29,v0.5.0,1
2026-07-29,v0.4.16,1
2026-07-29,v0.4.15,3
2026-07-29,v0.4.14,3
2026-07-29,v0.4.13,1
2026-07-29,v0.4.12,1
2026-07-29,v0.4.11,3
2026-07-29,v0.4.10,1
2026-07-29,v0.4.9,1
2026-07-29,v0.4.8,1
2026-07-29,v0.4.7,1
2026-07-29,v0.4.6,1
2026-07-29,v0.4.5,1
2026-07-29,v0.4.4,1
2026-07-29,v0.4.3,2
2026-07-29,v0.4.2,1
2026-07-29,v0.4.1,1
2026-07-29,v0.4.0,1
2026-07-29,v0.3.5,1
2026-07-29,v0.3.4,1
2026-07-29,v0.3.3,1
2026-07-29,v0.3.2,1
2026-07-29,v0.3.1,1
2026-07-29,v0.3.0,1
2026-07-29,v0.2.5,1
2026-07-29,v0.2.3,4
2026-07-29,v0.2.1,1
2026-07-29,v0.2.0,1
2026-07-30,v0.5.8,2
2026-07-30,v0.5.7,0
2026-07-30,v0.5.6,3
2026-07-30,v0.5.5,0
2026-07-30,v0.5.4,0
2026-07-30,v0.5.3,0
2026-07-30,v0.5.2,2
2026-07-30,v0.5.1,3
2026-07-30,v0.5.0,1
2026-07-30,v0.4.16,1
2026-07-30,v0.4.15,3
2026-07-30,v0.4.14,3
2026-07-30,v0.4.13,1
2026-07-30,v0.4.12,1
2026-07-30,v0.4.11,3
2026-07-30,v0.4.10,1
2026-07-30,v0.4.9,1
2026-07-30,v0.4.8,1
2026-07-30,v0.4.7,1
2026-07-30,v0.4.6,1
2026-07-30,v0.4.5,1
2026-07-30,v0.4.4,1
2026-07-30,v0.4.3,2
2026-07-30,v0.4.2,1
2026-07-30,v0.4.1,1
2026-07-30,v0.4.0,1
2026-07-30,v0.3.5,1
2026-07-30,v0.3.4,1
2026-07-30,v0.3.3,1
2026-07-30,v0.3.2,1
2026-07-30,v0.3.1,1
2026-07-30,v0.3.0,1
2026-07-30,v0.2.5,1
2026-07-30,v0.2.3,4
2026-07-30,v0.2.1,1
2026-07-30,v0.2.0,1
2026-07-31,v0.5.8,3
2026-07-31,v0.5.7,0
2026-07-31,v0.5.6,3
2026-07-31,v0.5.5,0
2026-07-31,v0.5.4,0
2026-07-31,v0.5.3,0
2026-07-31,v0.5.2,2
2026-07-31,v0.5.1,3
2026-07-31,v0.5.0,1
2026-07-31,v0.4.16,1
2026-07-31,v0.4.15,3
2026-07-31,v0.4.14,3
2026-07-31,v0.4.13,1
2026-07-31,v0.4.12,1
2026-07-31,v0.4.11,3
2026-07-31,v0.4.10,1
2026-07-31,v0.4.9,1
2026-07-31,v0.4.8,1
2026-07-31,v0.4.7,1
2026-07-31,v0.4.6,1
2026-07-31,v0.4.5,1
2026-07-31,v0.4.4,1
2026-07-31,v0.4.3,2
2026-07-31,v0.4.2,1
2026-07-31,v0.4.1,1
2026-07-31,v0.4.0,1
2026-07-31,v0.3.5,1
2026-07-31,v0.3.4,1
2026-07-31,v0.3.3,1
2026-07-31,v0.3.2,1
2026-07-31,v0.3.1,1
2026-07-31,v0.3.0,1
2026-07-31,v0.2.5,1
2026-07-31,v0.2.3,4
2026-07-31,v0.2.1,1
2026-07-31,v0.2.0,1
2026-08-01,v0.5.8,3
2026-08-01,v0.5.7,0
2026-08-01,v0.5.6,3
2026-08-01,v0.5.5,0
2026-08-01,v0.5.4,0
2026-08-01,v0.5.3,0
2026-08-01,v0.5.2,2
2026-08-01,v0.5.1,3
2026-08-01,v0.5.0,1
2026-08-01,v0.4.16,1
2026-08-01,v0.4.15,3
2026-08-01,v0.4.14,3
2026-08-01,v0.4.13,1
2026-08-01,v0.4.12,1
2026-08-01,v0.4.11,3
2026-08-01,v0.4.10,1
2026-08-01,v0.4.9,1
2026-08-01,v0.4.8,1
2026-08-01,v0.4.7,1
2026-08-01,v0.4.6,1
2026-08-01,v0.4.5,1
2026-08-01,v0.4.4,1
2026-08-01,v0.4.3,2
2026-08-01,v0.4.2,1
2026-08-01,v0.4.1,1
2026-08-01,v0.4.0,1
2026-08-01,v0.3.5,1
2026-08-01,v0.3.4,1
2026-08-01,v0.3.3,1
2026-08-01,v0.3.2,1
2026-08-01,v0.3.1,1
2026-08-01,v0.3.0,1
2026-08-01,v0.2.5,1
2026-08-01,v0.2.3,4
2026-08-01,v0.2.1,1
2026-08-01,v0.2.0,1
2026-08-02,v0.5.8,3
2026-08-02,v0.5.7,0
2026-08-02,v0.5.6,3
2026-08-02,v0.5.5,0
2026-08-02,v0.5.4,0
2026-08-02,v0.5.3,0
2026-08-02,v0.5.2,2
2026-08-02,v0.5.1,3
2026-08-02,v0.5.0,1
2026-08-02,v0.4.16,1
2026-08-02,v0.4.15,3
2026-08-02,v0.4.14,3
2026-08-02,v0.4.13,1
2026-08-02,v0.4.12,1
2026-08-02,v0.4.11,3
2026-08-02,v0.4.10,1
2026-08-02,v0.4.9,1
2026-08-02,v0.4.8,1
2026-08-02,v0.4.7,1
2026-08-02,v0.4.6,1
2026-08-02,v0.4.5,1
2026-08-02,v0.4.4,1
2026-08-02,v0.4.3,2
2026-08-02,v0.4.2,1
2026-08-02,v0.4.1,1
2026-08-02,v0.4.0,1
2026-08-02,v0.3.5,1
2026-08-02,v0.3.4,1
2026-08-02,v0.3.3,1
2026-08-02,v0.3.2,1
2026-08-02,v0.3.1,1
2026-08-02,v0.3.0,1
2026-08-02,v0.2.5,1
2026-08-02,v0.2.3,4
2026-08-02,v0.2.1,1
2026-08-02,v0.2.0,1
2026-08-03,v0.5.8,4
2026-08-03,v0.5.7,0
2026-08-03,v0.5.6,3
2026-08-03,v0.5.5,0
2026-08-03,v0.5.4,0
2026-08-03,v0.5.3,0
2026-08-03,v0.5.2,2
2026-08-03,v0.5.1,3
2026-08-03,v0.5.0,1
2026-08-03,v0.4.16,1
2026-08-03,v0.4.15,3
2026-08-03,v0.4.14,3
2026-08-03,v0.4.13,1
2026-08-03,v0.4.12,1
2026-08-03,v0.4.11,3
2026-08-03,v0.4.10,1
2026-08-03,v0.4.9,1
2026-08-03,v0.4.8,1
2026-08-03,v0.4.7,1
2026-08-03,v0.4.6,1
2026-08-03,v0.4.5,1
2026-08-03,v0.4.4,1
2026-08-03,v0.4.3,2
2026-08-03,v0.4.2,1
2026-08-03,v0.4.1,1
2026-08-03,v0.4.0,1
2026-08-03,v0.3.5,1
2026-08-03,v0.3.4,1
2026-08-03,v0.3.3,1
2026-08-03,v0.3.2,1
2026-08-03,v0.3.1,1
2026-08-03,v0.3.0,1
2026-08-03,v0.2.5,1
2026-08-03,v0.2.3,4
2026-08-03,v0.2.1,1
2026-08-03,v0.2.0,1
2026-08-04,v0.5.8,4
2026-08-04,v0.5.7,0
2026-08-04,v0.5.6,3
2026-08-04,v0.5.5,0
2026-08-04,v0.5.4,0
2026-08-04,v0.5.3,0
2026-08-04,v0.5.2,2
2026-08-04,v0.5.1,3
2026-08-04,v0.5.0,1
2026-08-04,v0.4.16,1
2026-08-04,v0.4.15,3
2026-08-04,v0.4.14,3
2026-08-04,v0.4.13,1
2026-08-04,v0.4.12,1
2026-08-04,v0.4.11,3
2026-08-04,v0.4.10,1
2026-08-04,v0.4.9,1
2026-08-04,v0.4.8,1
2026-08-04,v0.4.7,1
2026-08-04,v0.4.6,1
2026-08-04,v0.4.5,1
2026-08-04,v0.4.4,1
2026-08-04,v0.4.3,2
2026-08-04,v0.4.2,1
2026-08-04,v0.4.1,1
2026-08-04,v0.4.0,1
2026-08-04,v0.3.5,1
2026-08-04,v0.3.4,1
2026-08-04,v0.3.3,1
2026-08-04,v0.3.2,1
2026-08-04,v0.3.1,1
2026-08-04,v0.3.0,1
2026-08-04,v0.2.5,1
2026-08-04,v0.2.3,4
2026-08-04,v0.2.1,1
2026-08-04,v0.2.0,1
2026-08-05,v0.5.8,4
2026-08-05,v0.5.7,0
2026-08-05,v0.5.6,3
2026-08-05,v0.5.5,0
2026-08-05,v0.5.4,0
2026-08-05,v0.5.3,0
2026-08-05,v0.5.2,2
2026-08-05,v0.5.1,3
2026-08-05,v0.5.0,1
2026-08-05,v0.4.16,1
2026-08-05,v0.4.15,3
2026-08-05,v0.4.14,3
2026-08-05,v0.4.13,1
2026-08-05,v0.4.12,1
2026-08-05,v0.4.11,3
2026-08-05,v0.4.10,1
2026-08-05,v0.4.9,1
2026-08-05,v0.4.8,1
2026-08-05,v0.4.7,1
2026-08-05,v0.4.6,1
2026-08-05,v0.4.5,1
2026-08-05,v0.4.4,1
2026-08-05,v0.4.3,2
2026-08-05,v0.4.2,1
2026-08-05,v0.4.1,1
2026-08-05,v0.4.0,1
2026-08-05,v0.3.5,1
2026-08-05,v0.3.4,1
2026-08-05,v0.3.3,1
2026-08-05,v0.3.2,1
2026-08-05,v0.3.1,1
2026-08-05,v0.3.0,1
2026-08-05,v0.2.5,1
2026-08-05,v0.2.3,4
2026-08-05,v0.2.1,1
2026-08-05,v0.2.0,1
2026-08-06,v0.5.8,5
2026-08-06,v0.5.7,0
2026-08-06,v0.5.6,3
2026-08-06,v0.5.5,0
2026-08-06,v0.5.4,0
2026-08-06,v0.5.3,0
2026-08-06,v0.5.2,2
2026-08-06,v0.5.1,3
2026-08-06,v0.5.0,1
2026-08-06,v0.4.16,1
2026-08-06,v0.4.15,3
2026-08-06,v0.4.14,3
2026-08-06,v0.4.13,1
2026-08-06,v0.4.12,1
2026-08-06,v0.4.11,3
2026-08-06,v0.4.10,1
2026-08-06,v0.4.9,1
2026-08-06,v0.4.8,1
2026-08-06,v0.4.7,1
2026-08-06,v0.4.6,1
2026-08-06,v0.4.5,1
2026-08-06,v0.4.4,1
2026-08-06,v0.4.3,2
2026-08-06,v0.4.2,1
2026-08-06,v0.4.1,1
2026-08-06,v0.4.0,1
2026-08-06,v0.3.5,1
2026-08-06,v0.3.4,1
2026-08-06,v0.3.3,1
2026-08-06,v0.3.2,1
2026-08-06,v0.3.1,1
2026-08-06,v0.3.0,1
2026-08-06,v0.2.5,1
2026-08-06,v0.2.3,4
2026-08-06,v0.2.1,1
2026-08-06,v0.2.0,1
2026-08-07,v0.5.8,5
2026-08-07,v0.5.7,0
2026-08-07,v0.5.6,3
2026-08-07,v0.5.5,0
2026-08-07,v0.5.4,0
2026-08-07,v0.5.3,0
2026-08-07,v0.5.2,2
2026-08-07,v0.5.1,3
2026-08-07,v0.5.0,1
2026-08-07,v0.4.16,1
2026-08-07,v0.4.15,3
2026-08-07,v0.4.14,3
2026-08-07,v0.4.13,1
2026-08-07,v0.4.12,1
2026-08-07,v0.4.11,3
2026-08-07,v0.4.10,1
2026-08-07,v0.4.9,1
2026-08-07,v0.4.8,1
2026-08-07,v0.4.7,1
2026-08-07,v0.4.6,1
2026-08-07,v0.4.5,1
2026-08-07,v0.4.4,1
2026-08-07,v0.4.3,2
2026-08-07,v0.4.2,1
2026-08-07,v0.4.1,1
2026-08-07,v0.4.0,1
2026-08-07,v0.3.5,1
2026-08-07,v0.3.4,1
2026-08-07,v0.3.3,1
2026-08-07,v0.3.2,1
2026-08-07,v0.3.1,1
2026-08-07,v0.3.0,1
2026-08-07,v0.2.5,1
2026-08-07,v0.2.3,4
2026-08-07,v0.2.1,1
2026-08-07,v0.2.0,1
2026-08-08,v0.5.8,5
2026-08-08,v0.5.7,0
2026-08-08,v0.5.6,3
2026-08-08,v0.5.5,0
2026-08-08,v0.5.4,0
2026-08-08,v0.5.3,0
2026-08-08,v0.5.2,2
2026-08-08,v0.5.1,3
2026-08-08,v0.5.0,1
2026-08-08,v0.4.16,1
2026-08-08,v0.4.15,3
2026-08-08,v0.4.14,3
2026-08-08,v0.4.13,1
2026-08-08,v0.4.12,1
2026-08-08,v0.4.11,3
2026-08-08,v0.4.10,1
2026-08-08,v0.4.9,1
2026-08-08,v0.4.8,1
2026-08-08,v0.4.7,1
2026-08-08,v0.4.6,1
2026-08-08,v0.4.5,1
2026-08-08,v0.4.4,1
2026-08-08,v0.4.3,2
2026-08-08,v0.4.2,1
2026-08-08,v0.4.1,1
2026-08-08,v0.4.0,1
2026-08-08,v0.3.5,1
2026-08-08,v0.3.4,1
2026-08-08,v0.3.3,1
2026-08-08,v0.3.2,1
2026-08-08,v0.3.1,1
2026-08-08,v0.3.0,1
2026-08-08,v0.2.5,1
2026-08-08,v0.2.3,4
2026-08-08,v0.2.1,1
2026-08-08,v0.2.0,1
2026-08-09,v0.5.8,6
2026-08-09,v0.5.7,0
2026-08-09,v0.5.6,3
2026-08-09,v0.5.5,0
2026-08-09,v0.5.4,0
2026-08-09,v0.5.3,0
2026-08-09,v0.5.2,2
2026-08-09,v0.5.1,3
2026-08-09,v0.5.0,1
2026-08-09,v0.4.16,1
2026-08-09,v0.4.15,3
2026-08-09,v0.4.14,3
2026-08-09,v0.4.13,1
2026-08-09,v0.4.12,1
2026-08-09,v0.4.11,3
2026-08-09,v0.4.10,1
2026-08-09,v0.4.9,1
2026-08-09,v0.4.8,1
2026-08-09,v0.4.7,1
2026-08-09,v0.4.6,1
2026-08-09,v0.4.5,1
2026-08-09,v0.4.4,1
2026-08-09,v0.4.3,2
2026-08-09,v0.4.2,1
2026-08-09,v0.4.1,1
2026-08-09,v0.4.0,1
2026-08-09,v0.3.5,1
2026-08-09,v0.3.4,1
2026-08-09,v0.3.3,1
2026-08-09,v0.3.2,1
2026-08-09,v0.3.1,1
2026-08-09,v0.3.0,1
2026-08-09,v0.2.5,1
2026-08-09,v0.2.3,4
2026-08-09,v0.2.1,1
2026-08-09,v0.2.0,1
2026-08-10,v0.5.8,7
2026-08-10,v0.5.7,0
2026-08-10,v0.5.6,3
2026-08-10,v0.5.5,0
2026-08-10,v0.5.4,0
2026-08-10,v0.5.3,0
2026-08-10,v0.5.2,2
2026-08-10,v0.5.1,3
2026-08-10,v0.5.0,1
2026-08-10,v0.4.16,1
2026-08-10,v0.4.15,3
2026-08-10,v0.4.14,3
2026-08-10,v0.4.13,1
2026-08-10,v0.4.12,1
2026-08-10,v0.4.11,3
2026-08-10,v0.4.10,1
2026-08-10,v0.4.9,1
2026-08-10,v0.4.8,1
2026-08-10,v0.4.7,1
2026-08-10,v0.4.6,1
2026-08-10,v0.4.5,1
2026-08-10,v0.4.4,1
2026-08-10,v0.4.3,2
2026-08-10,v0.4.2,1
2026-08-10,v0.4.1,1
2026-08-10,v0.4.0,1
2026-08-10,v0.3.5,1
2026-08-10,v0.3.4,1
2026-08-10,v0.3.3,1
2026-08-10,v0.3.2,1
2026-08-10,v0.3.1,1
2026-08-10,v0.3.0,1
2026-08-10,v0.2.5,1
2026-08-10,v0.2.3,4
2026-08-10,v0.2.1,1
2026-08-10,v0.2.0,1
2026-08-11,v0.5.8,8
2026-08-11,v0.5.7,0
2026-08-11,v0.5.6,3
2026-08-11,v0.5.5,0
2026-08-11,v0.5.4,0
2026-08-11,v0.5.3,0
2026-08-11,v0.5.2,2
2026-08-11,v0.5.1,3
2026-08-11,v0.5.0,1
2026-08-11,v0.4.16,1
2026-08-11,v0.4.15,3
2026-08-11,v0.4.14,3
2026-08-11,v0.4.13,1
2026-08-11,v0.4.12,1
2026-08-11,v0.4.11,3
2026-08-11,v0.4.10,1
2026-08-11,v0.4.9,1
2026-08-11,v0.4.8,1
2026-08-11,v0.4.7,1
2026-08-11,v0.4.6,1
2026-08-11,v0.4.5,1
2026-08-11,v0.4.4,1
2026-08-11,v0.4.3,2
2026-08-11,v0.4.2,1
2026-08-11,v0.4.1,1
2026-08-11,v0.4.0,1
2026-08-11,v0.3.5,1
2026-08-11,v0.3.4,1
2026-08-11,v0.3.3,1
2026-08-11,v0.3.2,1
2026-08-11,v0.3.1,1
2026-08-11,v0.3.0,1
2026-08-11,v0.2.5,1
2026-08-11,v0.2.3,4
2026-08-11,v0.2.1,1
2026-08-11,v0.2.0,1
2026-08-12,v0.5.8,9
2026-08-12,v0.5.7,0
2026-08-12,v0.5.6,3
2026-08-12,v0.5.5,0
2026-08-12,v0.5.4,0
2026-08-12,v0.5.3,0
2026-08-12,v0.5.2,2
2026-08-12,v0.5.1,3
2026-08-12,v0.5.0,1
2026-08-12,v0.4.16,1
2026-08-12,v0.4.15,3
2026-08-12,v0.4.14,3
2026-08-12,v0.4.13,1
2026-08-12,v0.4.12,1
2026-08-12,v0.4.11,3
2026-08-12,v0.4.10,1
2026-08-12,v0.4.9,1
2026-08-12,v0.4.8,1
2026-08-12,v0.4.7,1
2026-08-12,v0.4.6,1
2026-08-12,v0.4.5,1
2026-08-12,v0.4.4,1
2026-08-12,v0.4.3,2
2026-08-12,v0.4.2,1
2026-08-12,v0.4.1,1
2026-08-12,v0.4.0,1
2026-08-12,v0.3.5,1
2026-08-12,v0.3.4,1
2026-08-12,v0.3.3,1
2026-08-12,v0.3.2,1
2026-08-12,v0.3.1,1
2026-08-12,v0.3.0,1
2026-08-12,v0.2.5,1
2026-08-12,v0.2.3,4
2026-08-12,v0.2.1,1
2026-08-12,v0.2.0,1
2026-08-13,v0.5.8,10
2026-08-13,v0.5.7,0
2026-08-13,v0.5.6,3
2026-08-13,v0.5.5,0
2026-08-13,v0.5.4,0
2026-08-13,v0.5.3,0
2026-08-13,v0.5.2,2
2026-08-13,v0.5.1,3
2026-08-13,v0.5.0,1
2026-08-13,v0.4.16,1
2026-08-13,v0.4.15,3
2026-08-13,v0.4.14,3
2026-08-13,v0.4.13,1
2026-08-13,v0.4.12,1
2026-08-13,v0.4.11,3
2026-08-13,v0.4.10,1
2026-08-13,v0.4.9,1
2026-08-13,v0.4.8,1
2026-08-13,v0.4.7,1
2026-08-13,v0.4.6,1
2026-08-13,v0.4.5,1
2026-08-13,v0.4.4,1
2026-08-13,v0.4.3,2
2026-08-13,v0.4.2,1
2026-08-13,v0.4.1,1
2026-08-13,v0.4.0,1
2026-08-13,v0.3.5,1
2026-08-13,v0.3.4,1
2026-08-13,v0.3.3,1
2026-08-13,v0.3.2,1
2026-08-13,v0.3.1,1
2026-08-13,v0.3.0,1
2026-08-13,v0.2.5,1
2026-08-13,v0.2.3,4
2026-08-13,v0.2.1,1
2026-08-13,v0.2.0,1
2026-08-14,v0.5.8,10
2026-08-14,v0.5.7,0
2026-08-14,v0.5.6,3
2026-08-14,v0.5.5,0
2026-08-14,v0.5.4,0
2026-08-14,v0.5.3,0
2026-08-14,v0.5.2,2
2026-08-14,v0.5.1,3
2026-08-14,v0.5.0,1
2026-08-14,v0.4.16,1
2026-08-14,v0.4.15,3
2026-08-14,v0.4.14,3
2026-08-14,v0.4.13,1
2026-08-14,v0.4.12,1
2026-08-14,v0.4.11,3
2026-08-14,v0.4.10,1
2026-08-14,v0.4.9,1
2026-08-14,v0.4.8,1
2026-08-14,v0.4.7,1
2026-08-14,v0.4.6,1
2026-08-14,v0.4.5,1
2026-08-14,v0.4.4,1
2026-08-14,v0.4.3,2
2026-08-14,v0.4.2,1
2026-08-14,v0.4.1,1
2026-08-14,v0.4.0,1
2026-08-14,v0.3.5,1
2026-08-14,v0.3.4,1
2026-08-14,v0.3.3,1
2026-08-14,v0.3.2,1
2026-08-14,v0.3.1,1
2026-08-14,v0.3.0,1
2026-08-14,v0.2.5,1
2026-08-14,v0.2.3,4
2026-08-14,v0.2.1,1
2026-08-14,v0.2.0,1
2026-08-15,v0.5.8,10
2026-08-15,v0.5.7,0
2026-08-15,v0.5.6,3
2026-08-15,v0.5.5,0
2026-08-15,v0.5.4,0
2026-08-15,v0.5.3,0
2026-08-15,v0.5.2,2
2026-08-15,v0.5.1,3
2026-08-15,v0.5.0,1
2026-08-15,v0.4.16,1
2026-08-15,v0.4.15,3
2026-08-15,v0.4.14,3
2026-08-15,v0.4.13,1
2026-08-15,v0.4.12,1
2026-08-15,v0.4.11,3
2026-08-15,v0.4.10,1
2026-08-15,v0.4.9,1
2026-08-15,v0.4.8,1
2026-08-15,v0.4.7,1
2026-08-15,v0.4.6,1
2026-08-15,v0.4.5,1
2026-08-15,v0.4.4,1
2026-08-15,v0.4.3,2
2026-08-15,v0.4.2,1
2026-08-15,v0.4.1,1
2026-08-15,v0.4.0,1
2026-08-15,v0.3.5,1
2026-08-15,v0.3.4,1
2026-08-15,v0.3.3,1
2026-08-15,v0.3.2,1
2026-08-15,v0.3.1,1
2026-08-15,v0.3.0,1
2026-08-15,v0.2.5,1
2026-08-15,v0.2.3,4
2026-08-15,v0.2.1,1
2026-08-15,v0.2.0,1
2026-08-16,v0.5.8,10
2026-08-16,v0.5.7,0
2026-08-16,v0.5.6,3
2026-08-16,v0.5.5,0
2026-08-16,v0.5.4,0
2026-08-16,v0.5.3,0
2026-08-16,v0.5.2,2
2026-08-16,v0.5.1,3
2026-08-16,v0.5.0,1
2026-08-16,v0.4.16,1
2026-08-16,v0.4.15,3
2026-08-16,v0.4.14,3
2026-08-16,v0.4.13,1
2026-08-16,v0.4.12,1
2026-08-16,v0.4.11,3
2026-08-16,v0.4.10,1
2026-08-16,v0.4.9,1
2026-08-16,v0.4.8,1
2026-08-16,v0.4.7,1
2026-08-16,v0.4.6,1
2026-08-16,v0.4.5,1
2026-08-16,v0.4.4,1
2026-08-16,v0.4.3,2
2026-08-16,v0.4.2,1
2026-08-16,v0.4.1,1
2026-08-16,v0.4.0,1
2026-08-16,v0.3.5,1
2026-08-16,v0.3.4,1
2026-08-16,v0.3.3,1
2026-08-16,v0.3.2,1
2026-08-16,v0.3.1,1
2026-08-16,v0.3.0,1
2026-08-16,v0.2.5,1
2026-08-16,v0.2.3,4
2026-08-16,v0.2.1,1
2026-08-16,v0.2.0,1
2026-08-17,v0.5.8,10
2026-08-17,v0.5.7,0
2026-08-17,v0.5.6,3
2026-08-17,v0.5.5,0
2026-08-17,v0.5.4,0
2026-08-17,v0.5.3,0
2026-08-17,v0.5.2,2
2026-08-17,v0.5.1,3
2026-08-17,v0.5.0,1
2026-08-17,v0.4.16,1
2026-08-17,v0.4.15,3
2026-08-17,v0.4.14,3
2026-08-17,v0.4.13,1
2026-08-17,v0.4.12,1
2026-08-17,v0.4.11,3
2026-08-17,v0.4.10,1
2026-08-17,v0.4.9,1
2026-08-17,v0.4.8,1
2026-08-17,v0.4.7,1
2026-08-17,v0.4.6,1
2026-08-17,v0.4.5,1
2026-08-17,v0.4.4,1
2026-08-17,v0.4.3,2
2026-08-17,v0.4.2,1
2026-08-17,v0.4.1,1
2026-08-17,v0.4.0,1
2026-08-17,v0.3.5,1
2026-08-17,v0.3.4,1
2026-08-17,v0.3.3,1
2026-08-17,v0.3.2,1
2026-08-17,v0.3.1,1
2026-08-17,v0.3.0,1
2026-08-17,v0.2.5,1
2026-08-17,v0.2.3,4
2026-08-17,v0.2.1,1
2026-08-17,v0.2.0,1
2026-08-18,v0.5.8,12
2026-08-18,v0.5.7,0
2026-08-18,v0.5.6,3
2026-08-18,v0.5.5,0
2026-08-18,v0.5.4,0
2026-08-18,v0.5.3,0
2026-08-18,v0.5.2,2
2026-08-18,v0.5.1,3
2026-08-18,v0.5.0,1
2026-08-18,v0.4.16,1
2026-08-18,v0.4.15,3
2026-08-18,v0.4.14,3
2026-08-18,v0.4.13,1
2026-08-18,v0.4.12,1
2026-08-18,v0.4.11,3
2026-08-18,v0.4.10,1
2026-08-18,v0.4.9,1
2026-08-18,v0.4.8,1
2026-08-18,v0.4.7,1
2026-08-18,v0.4.6,1
2026-08-18,v0.4.5,1
2026-08-18,v0.4.4,1
2026-08-18,v0.4.3,2
2026-08-18,v0.4.2,1
2026-08-18,v0.4.1,1
2026-08-18,v0.4.0,1
2026-08-18,v0.3.5,1
2026-08-18,v0.3.4,1
2026-08-18,v0.3.3,1
2026-08-18,v0.3.2,1
2026-08-18,v0.3.1,1
2026-08-18,v0.3.0,1
2026-08-18,v0.2.5,1
2026-08-18,v0.2.3,4
2026-08-18,v0.2.1,1
2026-08-18,v0.2.0,1
2026-08-19,v0.5.8,12
2026-08-19,v0.5.7,0
2026-08-19,v0.5.6,3
2026-08-19,v0.5.5,0
2026-08-19,v0.5.4,0
2026-08-19,v0.5.3,0
2026-08-19,v0.5.2,2
2026-08-19,v0.5.1,3
2026-08-19,v0.5.0,1
2026-08-19,v0.4.16,1
2026-08-19,v0.4.15,3
2026-08-19,v0.4.14,3
2026-08-19,v0.4.13,1
2026-08-19,v0.4.12,1
2026-08-19,v0.4.11,3
2026-08-19,v0.4.10,1
2026-08-19,v0.4.9,1
2026-08-19,v0.4.8,1
2026-08-19,v0.4.7,1
2026-08-19,v0.4.6,1
2026-08-19,v0.4.5,1
2026-08-19,v0.4.4,1
2026-08-19,v0.4.3,2
2026-08-19,v0.4.2,1
2026-08-19,v0.4.1,1
2026-08-19,v0.4.0,1
2026-08-19,v0.3.5,1
2026-08-19,v0.3.4,1
2026-08-19,v0.3.3,1
2026-08-19,v0.3.2,1
2026-08-19,v0.3.1,1
2026-08-19,v0.3.0,1
2026-08-19,v0.2.5,1
2026-08-19,v0.2.3,4
2026-08-19,v0.2.1,1
2026-08-19,v0.2.0,1
2026-08-20,v0.5.8,13
2026-08-20,v0.5.7,0
2026-08-20,v0.5.6,3
2026-08-20,v0.5.5,0
2026-08-20,v0.5.4,0
2026-08-20,v0.5.3,0
2026-08-20,v0.5.2,2
2026-08-20,v0.5.1,3
2026-08-20,v0.5.0,1
2026-08-20,v0.4.16,1
2026-08-20,v0.4.15,3
2026-08-20,v0.4.14,3
2026-08-20,v0.4.13,1
2026-08-20,v0.4.12,1
2026-08-20,v0.4.11,3
2026-08-20,v0.4.10,1
2026-08-20,v0.4.9,1
2026-08-20,v0.4.8,1
2026-08-20,v0.4.7,1
2026-08-20,v0.4.6,1
2026-08-20,v0.4.5,1
2026-08-20,v0.4.4,1
2026-08-20,v0.4.3,2
2026-08-20,v0.4.2,1
2026-08-20,v0.4.1,1
2026-08-20,v0.4.0,1
2026-08-20,v0.3.5,1
2026-08-20,v0.3.4,1
2026-08-20,v0.3.3,1
2026-08-20,v0.3.2,1
2026-08-20,v0.3.1,1
2026-08-20,v0.3.0,1
2026-08-20,v0.2.5,1
2026-08-20,v0.2.3,4
2026-08-20,v0.2.1,1
2026-08-20,v0.2.0,1
2026-08-21,v0.5.8,13
2026-08-21,v0.5.7,0
2026-08-21,v0.5.6,3
2026-08-21,v0.5.5,0
2026-08-21,v0.5.4,0
2026-08-21,v0.5.3,0
2026-08-21,v0.5.2,2
2026-08-21,v0.5.1,3
2026-08-21,v0.5.0,1
2026-08-21,v0.4.16,1
2026-08-21,v0.4.15,3
2026-08-21,v0.4.14,3
2026-08-21,v0.4.13,1
2026-08-21,v0.4.12,1
2026-08-21,v0.4.11,3
2026-08-21,v0.4.10,1
2026-08-21,v0.4.9,1
2026-08-21,v0.4.8,1
2026-08-21,v0.4.7,1
2026-08-21,v0.4.6,1
2026-08-21,v0.4.5,1
2026-08-21,v0.4.4,1
2026-08-21,v0.4.3,2
2026-08-21,v0.4.2,1
2026-08-21,v0.4.1,1
2026-08-21,v0.4.0,1
2026-08-21,v0.3.5,1
2026-08-21,v0.3.4,1
2026-08-21,v0.3.3,1
2026-08-21,v0.3.2,1
2026-08-21,v0.3.1,1
2026-08-21,v0.3.0,1
2026-08-21,v0.2.5,1
2026-08-21,v0.2.3,4
2026-08-21,v0.2.1,1
2026-08-21,v0.2.0,1
2026-08-22,v0.5.8,13
2026-08-22,v0.5.7,0
2026-08-22,v0.5.6,3
2026-08-22,v0.5.5,0
2026-08-22,v0.5.4,0
2026-08-22,v0.5.3,0
2026-08-22,v0.5.2,2
2026-08-22,v0.5.1,3
2026-08-22,v0.5.0,1
2026-08-22,v0.4.16,1
2026-08-22,v0.4.15,3
2026-08-22,v0.4.14,3
2026-08-22,v0.4.13,1
2026-08-22,v0.4.12,1
2026-08-22,v0.4.11,3
2026-08-22,v0.4.10,1
2026-08-22,v0.4.9,1
2026-08-22,v0.4.8,1
2026-08-22,v0.4.7,1
2026-08-22,v0.4.6,1
2026-08-22,v0.4.5,1
2026-08-22,v0.4.4,1
2026-08-22,v0.4.3,2
2026-08-22,v0.4.2,1
2026-08-22,v0.4.1,1
2026-08-22,v0.4.0,1
2026-08-22,v0.3.5,1
2026-08-22,v0.3.4,1
2026-08-22,v0.3.3,1
2026-08-22,v0.3.2,1
2026-08-22,v0.3.1,1
2026-08-22,v0.3.0,1
2026-08-22,v0.2.5,1
2026-08-22,v0.2.3,4
2026-08-22,v0.2.1,1
2026-08-22,v0.2.0,1
2026-08-23,v0.5.8,13
2026-08-23,v0.5.7,0
2026-08-23,v0.5.6,3
2026-08-23,v0.5.5,0
2026-08-23,v0.5.4,0
2026-08-23,v0.5.3,0
2026-08-23,v0.5.2,2
2026-08-23,v0.5.1,3
2026-08-23,v0.5.0,1
2026-08-23,v0.4.16,1
2026-08-23,v0.4.15,3
2026-08-23,v0.4.14,3
2026-08-23,v0.4.13,1
2026-08-23,v0.4.12,1
2026-08-23,v0.4.11,3
2026-08-23,v0.4.10,1
2026-08-23,v0.4.9,1
2026-08-23,v0.4.8,1
2026-08-23,v0.4.7,1
2026-08-23,v0.4.6,1
2026-08-23,v0.4.5,1
2026-08-23,v0.4.4,1
2026-08-23,v0.4.3,2
2026-08-23,v0.4.2,1
2026-08-23,v0.4.1,1
2026-08-23,v0.4.0,1
2026-08-23,v0.3.5,1
2026-08-23,v0.3.4,1
2026-08-23,v0.3.3,1
2026-08-23,v0.3.2,1
2026-08-23,v0.3.1,1
2026-08-23,v0.3.0,1
2026-08-23,v0.2.5,1
2026-08-23,v0.2.3,4
2026-08-23,v0.2.1,1
2026-08-23,v0.2.0,1
2026-08-24,v0.5.8,13
2026-08-24,v0.5.7,0
2026-08-24,v0.5.6,3
2026-08-24,v0.5.5,0
2026-08-24,v0.5.4,0
2026-08-24,v0.5.3,0
2026-08-24,v0.5.2,2
2026-08-24,v0.5.1,3
2026-08-24,v0.5.0,1
2026-08-24,v0.4.16,1
2026-08-24,v0.4.15,3
2026-08-24,v0.4.14,3
2026-08-24,v0.4.13,1
2026-08-24,v0.4.12,1
2026-08-24,v0.4.11,3
2026-08-24,v0.4.10,1
2026-08-24,v0.4.9,1
2026-08-24,v0.4.8,1
2026-08-24,v0.4.7,1
2026-08-24,v0.4.6,1
2026-08-24,v0.4.5,1
2026-08-24,v0.4.4,1
2026-08-24,v0.4.3,2
2026-08-24,v0.4.2,1
2026-08-24,v0.4.1,1
2026-08-24,v0.4.0,1
2026-08-24,v0.3.5,1
2026-08-24,v0.3.4,1
2026-08-24,v0.3.3,1
2026-08-24,v0.3.2,1
2026-08-24,v0.3.1,1
2026-08-24,v0.3.0,1
2026-08-24,v0.2.5,1
2026-08-24,v0.2.3,4
2026-08-24,v0.2.1,1
2026-08-24,v0.2.0,1
2026-08-25,v0.5.8,14
2026-08-25,v0.5.7,0
2026-08-25,v0.5.6,3
2026-08-25,v0.5.5,0
2026-08-25,v0.5.4,0
2026-08-25,v0.5.3,0
2026-08-25,v0.5.2,2
2026-08-25,v0.5.1,3
2026-08-25,v0.5.0,1
2026-08-25,v0.4.16,1
2026-08-25,v0.4.15,3
2026-08-25,v0.4.14,3
2026-08-25,v0.4.13,1
2026-08-25,v0.4.12,1
2026-08-25,v0.4.11,3
2026-08-25,v0.4.10,1
2026-08-25,v0.4.9,1
2026-08-25,v0.4.8,1
2026-08-25,v0.4.7,1
2026-08-25,v0.4.6,1
2026-08-25,v0.4.5,1
2026-08-25,v0.4.4,1
2026-08-25,v0.4.3,2
2026-08-25,v0.4.2,1
2026-08-25,v0.4.1,1
2026-08-25,v0.4.0,1
2026-08-25,v0.3.5,1
2026-08-25,v0.3.4,1
2026-08-25,v0.3.3,1
2026-08-25,v0.3.2,1
2026-08-25,v0.3.1,1
2026-08-25,v0.3.0,1
2026-08-25,v0.2.5,1
2026-08-25,v0.2.3,4
2026-08-25,v0.2.1,1
2026-08-25,v0.2.0,1
2026-08-26,v0.5.8,14
2026-08-26,v0.5.7,0
2026-08-26,v0.5.6,3
2026-08-26,v0.5.5,0
2026-08-26,v0.5.4,0
2026-08-26,v0.5.3,0
2026-08-26,v0.5.2,2
2026-08-26,v0.5.1,3
2026-08-26,v0.5.0,1
2026-08-26,v0.4.16,1
2026-08-26,v0.4.15,3
2026-08-26,v0.4.14,3
2026-08-26,v0.4.13,1
2026-08-26,v0.4.12,1
2026-08-26,v0.4.11,3
2026-08-26,v0.4.10,1
2026-08-26,v0.4.9,1
2026-08-26,v0.4.8,1
2026-08-26,v0.4.7,1
2026-08-26,v0.4.6,1
2026-08-26,v0.4.5,1
2026-08-26,v0.4.4,1
2026-08-26,v0.4.3,2
2026-08-26,v0.4.2,1
2026-08-26,v0.4.1,1
2026-08-26,v0.4.0,1
2026-08-26,v0.3.5,1
2026-08-26,v0.3.4,1
2026-08-26,v0.3.3,1
2026-08-26,v0.3.2,1
2026-08-26,v0.3.1,1
2026-08-26,v0.3.0,1
2026-08-26,v0.2.5,1
2026-08-26,v0.2.3,4
2026-08-26,v0.2.1,1
2026-08-26,v0.2.0,1
2026-08-27,v0.5.8,14
2026-08-27,v0.5.7,0
2026-08-27,v0.5.6,3
2026-08-27,v0.5.5,0
2026-08-27,v0.5.4,0
2026-08-27,v0.5.3,0
2026-08-27,v0.5.2,2
2026-08-27,v0.5.1,3
2026-08-27,v0.5.0,1
2026-08-27,v0.4.16,1
2026-08-27,v0.4.15,3
2026-08-27,v0.4.14,3
2026-08-27,v0.4.13,1
2026-08-27,v0.4.12,1
2026-08-27,v0.4.11,3
2026-08-27,v0.4.10,1
2026-08-27,v0.4.9,1
2026-08-27,v0.4.8,1
2026-08-27,v0.4.7,1
2026-08-27,v0.4.6,1
2026-08-27,v0.4.5,1
2026-08-27,v0.4.4,1
2026-08-27,v0.4.3,2
2026-08-27,v0.4.2,1
2026-08-27,v0.4.1,1
2026-08-27,v0.4.0,1
2026-08-27,v0.3.5,1
2026-08-27,v0.3.4,1
2026-08-27,v0.3.3,1
2026-08-27,v0.3.2,1
2026-08-27,v0.3.1,1
2026-08-27,v0.3.0,1
2026-08-27,v0.2.5,1
2026-08-27,v0.2.3,4
2026-08-27,v0.2.1,1
2026-08-27,v0.2.0,1
2026-08-28,v0.5.8,14
2026-08-28,v0.5.7,0
2026-08-28,v0.5.6,3
2026-08-28,v0.5.5,0
2026-08-28,v0.5.4,0
2026-08-28,v0.5.3,0
2026-08-28,v0.5.2,2
2026-08-28,v0.5.1,3
2026-08-28,v0.5.0,1
2026-08-28,v0.4.16,1
2026-08-28,v0.4.15,3
2026-08-28,v0.4.14,3
2026-08-28,v0.4.13,1
2026-08-28,v0.4.12,1
2026-08-28,v0.4.11,3
2026-08-28,v0.4.10,1
2026-08-28,v0.4.9,1
2026-08-28,v0.4.8,1
2026-08-28,v0.4.7,1
2026-08-28,v0.4.6,1
2026-08-28,v0.4.5,1
2026-08-28,v0.4.4,1
2026-08-28,v0.4.3,2
2026-08-28,v0.4.2,1
2026-08-28,v0.4.1,1
2026-08-28,v0.4.0,1
2026-08-28,v0.3.5,1
2026-08-28,v0.3.4,1
2026-08-28,v0.3.3,1
2026-08-28,v0.3.2,1
2026-08-28,v0.3.1,1
2026-08-28,v0.3.0,1
2026-08-28,v0.2.5,1
2026-08-28,v0.2.3,4
2026-08-28,v0.2.1,1
2026-08-28,v0.2.0,1
2026-08-29,v0.5.8,14
2026-08-29,v0.5.7,0
2026-08-29,v0.5.6,3
2026-08-29,v0.5.5,0
2026-08-29,v0.5.4,0
2026-08-29,v0.5.3,0
2026-08-29,v0.5.2,2
2026-08-29,v0.5.1,3
2026-08-29,v0.5.0,1
2026-08-29,v0.4.16,1
2026-08-29,v0.4.15,3
2026-08-29,v0.4.14,3
2026-08-29,v0.4.13,1
2026-08-29,v0.4.12,1
2026-08-29,v0.4.11,3
2026-08-29,v0.4.10,1
2026-08-29,v0.4.9,1
2026-08-29,v0.4.8,1
2026-08-29,v0.4.7,1
2026-08-29,v0.4.6,1
2026-08-29,v0.4.5,1
2026-08-29,v0.4.4,1
2026-08-29,v0.4.3,2
2026-08-29,v0.4.2,1
2026-08-29,v0.4.1,1
2026-08-29,v0.4.0,1
2026-08-29,v0.3.5,1
2026-08-29,v0.3.4,1
2026-08-29,v0.3.3,1
2026-08-29,v0.3.2,1
2026-08-29,v0.3.1,1
2026-08-29,v0.3.0,1
2026-08-29,v0.2.5,1
2026-08-29,v0.2.3,4
2026-08-29,v0.2.1,1
2026-08-29,v0.2.0,1
2026-08-30,v0.5.8,14
2026-08-30,v0.5.7,0
2026-08-30,v0.5.6,3
2026-08-30,v0.5.5,0
2026-08-30,v0.5.4,0
2026-08-30,v0.5.3,0
2026-08-30,v0.5.2,2
2026-08-30,v0.5.1,3
2026-08-30,v0.5.0,1
2026-08-30,v0.4.16,1
2026-08-30,v0.4.15,3
2026-08-30,v0.4.14,3
2026-08-30,v0.4.13,1
2026-08-30,v0.4.12,1
2026-08-30,v0.4.11,3
2026-08-30,v0.4.10,1
2026-08-30,v0.4.9,1
2026-08-30,v0.4.8,1
2026-08-30,v0.4.7,1
2026-08-30,v0.4.6,1
2026-08-30,v0.4.5,1
2026-08-30,v0.4.4,1
2026-08-30,v0.4.3,2
2026-08-30,v0.4.2,1
2026-08-30,v0.4.1,1
2026-08-30,v0.4.0,1
2026-08-30,v0.3.5,1
2026-08-30,v0.3.4,1
2026-08-30,v0.3.3,1
2026-08-30,v0.3.2,1
2026-08-30,v0.3.1,1
2026-08-30,v0.3.0,1
2026-08-30,v0.2.5,1
2026-08-30,v0.2.3,4
2026-08-30,v0.2.1,1
2026-08-30,v0.2.0,1
2026-08-31,v0.5.8,14
2026-08-31,v0.5.7,0
2026-08-31,v0.5.6,3
2026-08-31,v0.5.5,0
2026-08-31,v0.5.4,0
2026-08-31,v0.5.3,0
2026-08-31,v0.5.2,2
2026-08-31,v0.5.1,3
2026-08-31,v0.5.0,1
2026-08-31,v0.4.16,1
2026-08-31,v0.4.15,3
2026-08-31,v0.4.14,3
2026-08-31,v0.4.13,1
2026-08-31,v0.4.12,1
2026-08-31,v0.4.11,3
2026-08-31,v0.4.10,1
2026-08-31,v0.4.9,1
2026-08-31,v0.4.8,1
2026-08-31,v0.4.7,1
2026-08-31,v0.4.6,1
2026-08-31,v0.4.5,1
2026-08-31,v0.4.4,1
2026-08-31,v0.4.3,2
2026-08-31,v0.4.2,1
2026-08-31,v0.4.1,1
2026-08-31,v0.4.0,1
2026-08-31,v0.3.5,1
2026-08-31,v0.3.4,1
2026-08-31,v0.3.3,1
2026-08-31,v0.3.2,1
2026-08-31,v0.3.1,1
2026-08-31,v0.3.0,1
2026-08-31,v0.2.5,1
2026-08-31,v0.2.3,4
2026-08-31,v0.2.1,1
2026-08-31,v0.2.0,1
2026-09-01,v0.5.8,14
2026-09-01,v0.5.7,0
2026-09-01,v0.5.6,3
2026-09-01,v0.5.5,0
2026-09-01,v0.5.4,0
2026-09-01,v0.5.3,0
2026-09-01,v0.5.2,2
2026-09-01,v0.5.1,3
2026-09-01,v0.5.0,1
2026-09-01,v0.4.16,1
2026-09-01,v0.4.15,3
2026-09-01,v0.4.14,3
2026-09-01,v0.4.13,1
2026-09-01,v0.4.12,1
2026-09-01,v0.4.11,3
2026-09-01,v0.4.10,1
2026-09-01,v0.4.9,1
2026-09-01,v0.4.8,1
2026-09-01,v0.4.7,1
2026-09-01,v0.4.6,1
2026-09-01,v0.4.5,1
2026-09-01,v0.4.4,1
2026-09-01,v0.4.3,2
2026-09-01,v0.4.2,1
2026-09-01,v0.4.1,1
2026-09-01,v0.4.0,1
2026-09-01,v0.3.5,1
2026-09-01,v0.3.4,1
2026-09-01,v0.3.3,1
2026-09-01,v0.3.2,1
2026-09-01,v0.3.1,1
2026-09-01,v0.3.0,1
2026-09-01,v0.2.5,1
2026-09-01,v0.2.3,4
2026-09-01,v0.2.1,1
2026-09-01,v0.2.0,1
2026-09-02,v0.5.8,15
2026-09-02,v0.5.7,0
2026-09-02,v0.5.6,3
2026-09-02,v0.5.5,0
2026-09-02,v0.5.4,0
2026-09-02,v0.5.3,0
2026-09-02,v0.5.2,2
2026-09-02,v0.5.1,3
2026-09-02,v0.5.0,1
2026-09-02,v0.4.16,1
2026-09-02,v0.4.15,3
2026-09-02,v0.4.14,3
2026-09-02,v0.4.13,1
2026-09-02,v0.4.12,1
2026-09-02,v0.4.11,3
2026-09-02,v0.4.10,1
2026-09-02,v0.4.9,1
2026-09-02,v0.4.8,1
2026-09-02,v0.4.7,1
2026-09-02,v0.4.6,1
2026-09-02,v0.4.5,1
2026-09-02,v0.4.4,1
2026-09-02,v0.4.3,2
2026-09-02,v0.4.2,1
2026-09-02,v0.4.1,1
2026-09-02,v0.4.0,1
2026-09-02,v0.3.5,1
2026-09-02,v0.3.4,1
2026-09-02,v0.3.3,1
2026-09-02,v0.3.2,1
2026-09-02,v0.3.1,1
2026-09-02,v0.3.0,1
2026-09-02,v0.2.5,1
2026-09-02,v0.2.3,4
2026-09-02,v0.2.1,1
2026-09-02,v0.2.0,1
2026-09-03,v0.5.8,15
2026-09-03,v0.5.7,0
2026-09-03,v0.5.6,3
2026-09-03,v0.5.5,0
2026-09-03,v0.5.4,0
2026-09-03,v0.5.3,0
2026-09-03,v0.5.2,2
2026-09-03,v0.5.1,3
2026-09-03,v0.5.0,1
2026-09-03,v0.4.16,1
2026-09-03,v0.4.15,3
2026-09-03,v0.4.14,3
2026-09-03,v0.4.13,1
2026-09-03,v0.4.12,1
2026-09-03,v0.4.11,3
2026-09-03,v0.4.10,1
2026-09-03,v0.4.9,1
2026-09-03,v0.4.8,1
2026-09-03,v0.4.7,1
2026-09-03,v0.4.6,1
2026-09-03,v0.4.5,1
2026-09-03,v0.4.4,1
2026-09-03,v0.4.3,2
2026-09-03,v0.4.2,1
2026-09-03,v0.4.1,1
2026-09-03,v0.4.0,1
2026-09-03,v0.3.5,1
2026-09-03,v0.3.4,1
2026-09-03,v0.3.3,1
2026-09-03,v0.3.2,1
2026-09-03,v0.3.1,1
2026-09-03,v0.3.0,1
2026-09-03,v0.2.5,1
2026-09-03,v0.2.3,4
2026-09-03,v0.2.1,1
2026-09-03,v0.2.0,1
